#{"t_start": 1784499439.7704115, "env_id": "None"}
r,l,t
370.400178,100,1.592715
333.411248,100,1.770244
320.022011,100,1.92649
248.047839,100,2.105299
234.96653,100,2.292879
235.124714,100,2.462964
264.49385,100,2.640255
266.722109,100,2.810425
286.249692,100,3.006048
296.335101,100,3.244088
424.574111,100,14.684266
377.252159,100,14.900599
378.688641,100,15.209085
411.207404,100,15.393687
368.035254,100,15.589103
389.228054,100,15.752924
312.11941,100,15.93126
259.924065,100,16.098815
359.295511,100,16.273127
378.609726,100,16.441123
357.316986,100,27.963922
294.750423,100,28.128551
260.312612,100,28.277056
401.597211,100,28.440534
338.261621,100,28.61441
274.098615,100,28.773862
273.607689,100,28.941763
288.349768,100,29.234866
292.002297,100,29.388891
304.848173,100,29.570056
357.899901,100,40.182748
355.609709,100,40.331246
426.204872,100,40.497572
328.758057,100,40.649544
428.857195,100,40.796337
276.966075,100,40.939949
411.285711,100,41.086621
272.505566,100,41.252781
400.083589,100,41.529979
400.942998,100,41.69355
350.30676,100,53.372835
397.695413,100,53.531122
376.884502,100,53.816466
280.491779,100,53.969703
400.65403,100,54.151802
258.900679,100,54.304627
399.620897,100,54.4573
407.918568,100,54.614092
329.740022,100,54.77858
361.003325,100,54.943704
294.135267,100,65.372933
361.367068,100,65.536132
308.911579,100,65.816747
405.307829,100,65.964468
356.049574,100,66.135587
419.50272,100,66.287364
355.434003,100,66.435641
330.650426,100,66.604059
327.714592,100,66.765442
292.622735,100,66.929175
327.077316,100,78.022166
292.618744,100,78.16651
288.779148,100,78.310287
350.260865,100,78.455636
358.152007,100,78.624104
386.460479,100,78.892037
342.05292,100,79.051893
428.644878,100,79.23104
346.361016,100,79.37045
423.016457,100,79.519275
412.608024,100,93.316392
236.630152,100,93.640862
404.695228,100,93.951835
268.524199,100,94.253193
422.485492,100,94.568619
391.027895,100,94.898873
290.816465,100,95.181867
288.595337,100,95.455659
429.859333,100,95.770329
410.484264,100,96.06277
317.402016,100,108.908026
245.768919,100,109.143234
432.240514,100,109.322049
461.35807,100,109.498758
244.738803,100,109.659067
452.997634,100,109.822739
406.249267,100,109.993899
296.475137,100,110.153591
480.354211,100,110.31292
429.420988,100,110.466802
328.358758,100,123.677689
405.032961,100,124.060371
303.973904,100,124.447232
438.10831,100,124.828911
419.738135,100,125.181666
380.9423,100,125.507254
436.600562,100,125.888841
326.5882,100,126.267292
244.532877,100,126.632421
285.086587,100,127.024032
444.645052,100,137.399473
461.846367,100,137.576066
388.535636,100,137.741938
315.869064,100,137.89104
391.880203,100,138.040952
331.18856,100,138.204613
285.197559,100,138.358113
406.308861,100,138.517836
383.655891,100,138.710276
447.843524,100,138.881596
450.816007,100,150.998801
325.291397,100,151.259849
486.549571,100,151.451825
318.817481,100,151.641232
364.760334,100,151.824939
454.270314,100,152.022102
326.125082,100,152.221507
395.111714,100,152.391426
436.762438,100,152.567539
392.923475,100,152.75633
429.951811,100,164.843497
369.617742,100,165.145586
360.171175,100,165.331006
352.067492,100,165.537693
317.789707,100,165.73331
453.489939,100,165.917077
302.138731,100,166.110443
397.347941,100,166.299391
373.125416,100,166.489068
354.691629,100,166.673728
389.308508,100,181.363147
313.751915,100,181.540572
401.419648,100,181.703604
299.668585,100,181.854258
355.773334,100,182.004785
391.118742,100,182.177073
292.316224,100,182.336277
453.938403,100,182.509084
463.189333,100,182.702312
317.967248,100,182.869144
403.740942,100,194.516167
360.12157,100,194.696577
459.558515,100,194.889844
338.597077,100,195.185529
388.980985,100,195.367951
309.531779,100,195.565362
417.977033,100,195.750854
450.376472,100,195.931526
445.213916,100,196.129632
337.540718,100,196.315201
446.749721,100,207.87403
425.826855,100,208.029179
320.908947,100,208.177272
302.23624,100,208.320389
301.318093,100,208.498119
396.20358,100,208.661737
384.162864,100,208.839595
466.203502,100,208.988068
352.522605,100,209.137261
452.770937,100,209.287883
374.106486,100,220.34479
383.81752,100,220.548054
386.571627,100,220.762483
382.463644,100,220.98498
405.491951,100,221.193138
471.782134,100,221.393195
329.265606,100,221.735771
310.049835,100,221.922819
416.114126,100,222.127283
452.446496,100,222.315183
317.804525,100,234.128141
424.994705,100,234.28864
461.428536,100,234.459555
394.645243,100,234.635819
335.479572,100,234.812519
406.476612,100,234.998259
373.914358,100,235.165435
476.682417,100,235.3315
340.959544,100,235.501995
376.047253,100,235.791176
461.346149,100,246.053859
372.678399,100,246.204604
435.098385,100,246.363243
421.759899,100,246.524824
383.995113,100,246.743241
452.095428,100,246.962743
360.609288,100,247.132146
326.026197,100,247.311048
410.733082,100,247.47748
378.663181,100,247.646433
466.972146,100,258.162293
451.26626,100,258.312941
375.838952,100,258.483557
296.100276,100,258.659189
334.439209,100,258.836016
383.276281,100,259.004149
481.444145,100,259.266394
415.693669,100,259.425235
482.910831,100,259.609552
360.428295,100,259.772305
481.554642,100,271.453899
313.139931,100,271.684892
308.765105,100,271.882436
433.057141,100,272.079365
330.286843,100,272.281285
459.807851,100,272.478841
469.066684,100,272.67755
409.252527,100,272.878375
431.029799,100,273.139971
322.836804,100,273.389564
447.02079,100,287.437012
392.446697,100,287.652201
378.383296,100,287.860114
357.615847,100,288.052837
363.337997,100,288.265614
344.725491,100,288.465147
326.336795,100,288.681597
481.048536,100,288.916622
438.136373,100,289.194823
377.991229,100,289.410078
388.013182,100,303.113077
427.620728,100,303.406993
356.844904,100,303.658182
457.336174,100,303.977064
387.028268,100,304.292254
469.377828,100,304.634179
464.454808,100,304.961788
413.840191,100,305.284154
485.780471,100,305.562248
348.61668,100,305.881823
404.000449,100,318.524209
465.786516,100,318.712678
505.904007,100,318.886573
484.446665,100,319.049689
447.654342,100,319.318457
477.360542,100,319.502376
479.063626,100,319.690795
481.963078,100,319.853386
402.786463,100,320.010935
470.4636,100,320.175571
366.509036,100,331.905907
475.954417,100,332.072487
483.699122,100,332.252958
433.222962,100,332.434973
455.577385,100,332.616098
381.292443,100,332.787388
467.523032,100,332.947511
421.05924,100,333.144983
492.427342,100,333.383177
489.118533,100,333.558899
424.889246,100,344.252502
423.618535,100,344.436879
497.918715,100,344.614973
423.809735,100,344.798847
392.729794,100,344.974401
394.247607,100,345.227037
491.745439,100,345.45884
479.45884,100,345.659887
409.942768,100,345.833043
407.425454,100,346.018893
496.473966,100,357.789293
480.8876,100,357.947812
317.341331,100,358.110134
363.933971,100,358.286241
470.095437,100,358.445031
381.478007,100,358.607815
472.032928,100,358.787122
428.508066,100,358.944011
481.002247,100,359.112906
350.723721,100,359.36681
401.087789,100,372.944445
470.346184,100,373.26093
420.741099,100,373.527761
455.294946,100,373.818038
413.289933,100,374.098717
389.588434,100,374.39603
481.125945,100,374.704499
441.594047,100,375.01729
461.761765,100,375.328063
482.009975,100,375.579937
374.771324,100,387.7414
500.657353,100,387.93201
420.89942,100,388.119711
403.863561,100,388.309866
490.052447,100,388.521206
458.952225,100,388.741811
365.180619,100,388.93786
474.45909,100,389.160452
486.258983,100,389.409476
487.221559,100,389.626532
398.815813,100,403.321904
363.26563,100,403.583198
487.35745,100,403.883588
406.260693,100,404.202624
452.767913,100,404.530138
379.825699,100,404.861508
492.424268,100,405.177007
439.982847,100,405.476906
410.730812,100,405.755475
395.187771,100,406.070549
492.063515,100,419.827636
483.466897,100,419.992992
481.068119,100,420.153175
420.603354,100,420.316605
379.351945,100,420.473012
501.973198,100,420.617432
473.201375,100,420.771888
380.44371,100,420.931519
461.774614,100,421.124289
361.503229,100,421.376367
372.134509,100,433.808331
454.89792,100,434.013135
412.897647,100,434.22332
406.6631,100,434.458087
409.623632,100,434.698585
470.805838,100,434.926533
378.626073,100,435.19028
471.736568,100,435.469564
411.527622,100,435.720536
480.122939,100,435.947251
422.16291,100,449.63806
484.522202,100,449.824532
463.713036,100,450.005134
381.801927,100,450.188989
486.23719,100,450.378949
501.02785,100,450.556955
458.286986,100,450.736707
444.749996,100,450.919784
361.369069,100,451.131747
428.464707,100,451.392114
502.405514,100,461.803007
389.898065,100,462.088311
457.049081,100,462.252218
512.705884,100,462.429513
447.952793,100,462.583132
474.076921,100,462.738028
351.90527,100,462.889876
307.540611,100,463.054797
337.800169,100,463.206512
453.337509,100,463.349892
489.983834,100,474.59081
498.027534,100,474.769027
419.53789,100,474.953869
420.392428,100,475.112645
438.889771,100,475.26972
350.618733,100,475.432293
414.941375,100,475.600242
436.97571,100,475.762442
327.544452,100,476.053543
387.452282,100,476.214363
510.32773,100,490.260701
503.10389,100,490.428709
408.483218,100,490.572743
484.902578,100,490.726935
482.343035,100,490.878313
430.25579,100,491.03354
492.694378,100,491.1911
429.607347,100,491.344854
480.045248,100,491.507178
505.4929,100,491.655823
483.421189,100,503.00914
495.155814,100,503.155251
428.958309,100,503.296573
499.056335,100,503.446298
331.45509,100,503.592625
440.453447,100,503.764981
491.90672,100,504.048867
378.632833,100,504.218962
422.158399,100,504.385988
498.379191,100,504.552871
490.554015,100,516.682274
425.104404,100,516.863847
481.967713,100,517.03005
450.777751,100,517.185547
399.341677,100,517.341901
433.440731,100,517.507727
492.450201,100,517.671605
481.28324,100,517.867862
420.65988,100,518.115443
414.374596,100,518.28121
377.072265,100,530.876928
398.631492,100,531.066054
372.838232,100,531.241811
484.161799,100,531.421517
426.839487,100,531.58972
477.298436,100,531.771989
384.308722,100,532.045045
402.100077,100,532.223791
414.235007,100,532.406716
428.489017,100,532.571436
389.306551,100,545.253911
511.444113,100,545.421156
497.538774,100,545.587721
363.269267,100,545.773244
462.27369,100,546.031153
504.583544,100,546.214426
379.476493,100,546.399318
486.873369,100,546.566458
485.701241,100,546.72563
508.757613,100,546.90891
419.575619,100,559.244082
492.051366,100,559.399306
468.211543,100,559.555638
500.280222,100,559.715935
418.22005,100,559.963311
500.793106,100,560.145757
491.659268,100,560.331331
434.323909,100,560.507094
468.802377,100,560.666295
502.471492,100,560.833395
450.253338,100,572.596519
443.537762,100,572.764822
489.49698,100,572.920992
505.088457,100,573.088017
489.8871,100,573.239486
451.146956,100,573.401201
496.045413,100,573.571763
493.726705,100,573.736938
471.549913,100,573.98096
450.460841,100,574.135768
500.409796,100,584.743975
481.464196,100,584.931761
491.444441,100,585.105068
455.53911,100,585.27486
492.686973,100,585.437305
465.443444,100,585.602276
513.581196,100,585.767356
500.160112,100,586.036635
389.879869,100,586.193297
451.854639,100,586.377644
508.016349,100,597.26463
332.023228,100,597.403405
491.198667,100,597.552397
411.235133,100,597.701451
426.527844,100,597.88511
386.949408,100,598.127267
491.959106,100,598.28922
455.664017,100,598.47102
437.973894,100,598.654973
368.540083,100,598.843277
460.513089,100,614.266707
401.155527,100,614.442187
416.448681,100,614.606109
456.503931,100,614.765772
454.874411,100,614.928069
476.151877,100,615.081293
497.365464,100,615.233953
408.868389,100,615.372873
437.874565,100,615.539083
488.270053,100,615.70613
435.6197,100,627.320401
396.148462,100,627.512638
343.853362,100,627.700062
417.459401,100,627.915117
506.63174,100,628.173059
492.451946,100,628.383416
452.385603,100,628.585627
392.231039,100,628.796129
393.169437,100,628.991131
411.410171,100,629.179142
424.642586,100,640.954694
503.998596,100,641.115515
496.22217,100,641.30864
501.351557,100,641.491579
419.918456,100,641.665674
508.779573,100,641.839874
506.00524,100,642.020863
434.341538,100,642.227147
463.273547,100,642.545477
463.670937,100,642.762179
481.437365,100,653.351599
485.916411,100,653.505637
383.25234,100,653.668259
482.408065,100,653.823656
495.584187,100,653.98463
504.054993,100,654.131026
370.029547,100,654.278181
483.843337,100,654.422895
479.431974,100,654.648438
428.769908,100,654.858956
436.687337,100,665.123466
493.147598,100,665.267808
447.589064,100,665.414824
482.816927,100,665.606718
404.186178,100,665.825371
454.86337,100,665.968391
471.5937,100,666.145799
507.831576,100,666.295502
375.849962,100,666.442622
450.88858,100,666.588737
420.571236,100,678.35131
478.432667,100,678.500476
477.565101,100,678.654608
394.784898,100,678.822659
487.277918,100,678.986095
506.110313,100,679.14475
512.844588,100,679.299801
337.939641,100,679.45043
509.776952,100,679.68199
480.393169,100,679.873441
458.511633,100,693.517124
418.188592,100,693.794006
508.732957,100,693.937427
507.13694,100,694.111567
496.066408,100,694.264053
439.736587,100,694.410609
516.862607,100,694.55955
428.256946,100,694.714289
500.727279,100,694.879407
395.693018,100,695.019047
370.086609,100,705.579741
425.540082,100,705.73145
447.268283,100,705.974209
438.9861,100,706.148832
443.818889,100,706.322804
466.16573,100,706.472693
487.266719,100,706.625723
508.414168,100,706.787553
515.783682,100,706.945964
441.51415,100,707.103842
413.859041,100,717.608175
481.226835,100,717.76059
507.412434,100,718.024292
445.947211,100,718.188941
507.619924,100,718.371211
454.657844,100,718.545966
345.982795,100,718.707081
477.202014,100,718.890265
511.608977,100,719.05272
456.849548,100,719.202715
357.682649,100,731.806191
502.538986,100,731.969918
418.715486,100,732.113453
491.189228,100,732.265762
403.555887,100,732.46307
464.566738,100,732.70734
435.43828,100,732.862332
506.067371,100,733.034894
429.451463,100,733.189839
451.833202,100,733.340555
470.457754,100,744.647423
496.047667,100,744.791081
512.489908,100,744.938136
433.365778,100,745.209039
496.995294,100,745.366582
501.821104,100,745.532288
506.239821,100,745.694923
462.127917,100,745.845106
499.943863,100,745.986964
497.703275,100,746.128992
506.272131,100,756.817824
502.096247,100,756.972588
486.869935,100,757.134597
482.901517,100,757.28873
491.37005,100,757.449516
414.064568,100,757.611638
503.36457,100,757.767603
498.330008,100,758.0295
389.507112,100,758.179828
485.612905,100,758.35732
493.327966,100,769.460943
463.402256,100,769.610208
506.463606,100,769.769379
489.605987,100,770.039721
500.340317,100,770.220247
431.456599,100,770.373036
499.221213,100,770.533614
451.0373,100,770.688864
446.841902,100,770.852906
486.629122,100,771.003617
383.450474,100,783.480134
510.547733,100,783.645687
511.79918,100,783.840512
486.097384,100,784.073682
501.254061,100,784.26095
465.418804,100,784.416071
497.451105,100,784.591855
512.729676,100,784.745618
435.554716,100,784.912883
451.386014,100,785.071202
484.737031,100,798.532921
513.376406,100,798.697583
460.474233,100,798.859404
482.735067,100,799.012682
490.978061,100,799.170842
417.1923,100,799.318121
447.751482,100,799.464572
510.375938,100,799.619087
427.843613,100,799.774598
454.977797,100,800.033684
457.847144,100,811.555171
403.756915,100,811.718248
466.945626,100,811.986656
489.29468,100,812.13719
474.895601,100,812.316596
499.602729,100,812.489647
419.331239,100,812.647651
508.375546,100,812.800567
512.650685,100,812.97924
460.173348,100,813.13804
480.237282,100,824.507741
438.55401,100,824.659611
490.76168,100,824.818044
443.29291,100,824.972628
450.290492,100,825.125587
502.319667,100,825.280273
475.357237,100,825.428009
502.627537,100,825.57642
450.686862,100,825.727085
465.205863,100,825.86647
512.058428,100,836.206524
508.234138,100,836.355208
463.335389,100,836.522073
493.674125,100,836.70163
497.624819,100,836.871101
508.699844,100,837.039547
422.48678,100,837.307824
448.125843,100,837.471072
498.303818,100,837.660449
498.3074,100,837.821472
466.294855,100,849.146807
469.491898,100,849.337937
421.001936,100,849.527964
410.619487,100,849.715791
490.643097,100,849.899192
502.070062,100,850.171895
504.992442,100,850.363091
441.130216,100,850.573426
474.677033,100,850.771446
410.280426,100,850.962714
511.966897,100,1.569024
460.012857,100,1.719015
465.363785,100,1.87154
434.46051,100,2.017402
442.342251,100,2.161745
388.177685,100,2.383692
480.643115,100,2.601609
448.274859,100,2.759519
454.946521,100,2.928005
463.830721,100,3.074492
510.726311,100,14.445498
505.908235,100,14.70995
497.562938,100,14.877391
507.281205,100,15.031363
495.043785,100,15.201931
495.920257,100,15.361904
474.983742,100,15.523288
470.4983,100,15.685677
513.100245,100,15.862442
508.10161,100,16.007546
485.399721,100,26.463099
437.134083,100,26.605538
455.64822,100,26.763921
487.612289,100,26.914914
489.366717,100,27.064456
463.831725,100,27.216044
473.296505,100,27.479839
443.673233,100,27.66005
465.90277,100,27.857982
484.712089,100,28.030238
501.132872,100,39.478931
498.25055,100,39.654892
507.280183,100,39.831918
468.333412,100,39.998252
522.947442,100,40.142556
485.842319,100,40.28361
494.63679,100,40.436586
435.238113,100,40.585336
517.321523,100,40.739798
503.682024,100,40.894501
494.889668,100,51.458035
496.630421,100,51.611927
515.626402,100,51.761801
471.076261,100,51.902823
498.808863,100,52.066927
459.393932,100,52.351665
497.912113,100,52.520309
508.586283,100,52.690737
506.329457,100,52.856907
485.643113,100,53.022641
482.640508,100,64.893801
494.693875,100,65.227846
483.955081,100,65.567737
502.371175,100,65.838985
468.860946,100,66.112594
513.847075,100,66.444935
504.872054,100,66.777541
471.573005,100,67.112549
485.982131,100,67.456125
442.260683,100,67.794181
460.146725,100,79.980387
479.226512,100,80.258395
428.991449,100,80.589323
460.212836,100,80.907782
474.000553,100,81.219738
480.892614,100,81.532829
435.215833,100,81.854554
509.132243,100,82.165585
470.611155,100,82.43679
510.588024,100,82.745578
513.823159,100,95.182333
396.275825,100,95.342182
501.582676,100,95.513138
443.57669,100,95.664652
509.562556,100,95.830086
486.145601,100,95.993213
471.240307,100,96.170568
459.943009,100,96.345624
514.243574,100,96.505786
507.873125,100,96.664848
459.795579,100,107.97709
425.793845,100,108.199301
502.414885,100,108.39514
505.936548,100,108.590008
408.114647,100,108.767804
514.149095,100,109.030562
498.40905,100,109.211392
465.356029,100,109.406702
519.22711,100,109.565805
512.82229,100,109.741273
476.794511,100,121.973178
510.132917,100,122.300248
461.620295,100,122.634783
500.238051,100,122.964117
511.859092,100,123.229826
490.077813,100,123.533202
505.366124,100,123.82666
445.856434,100,124.115953
375.934047,100,124.403777
417.654661,100,124.709963
506.412383,100,136.542192
516.679256,100,136.738411
477.961817,100,137.05278
451.391434,100,137.277602
500.706233,100,137.486171
473.756278,100,137.684144
398.782303,100,137.866949
500.328535,100,138.063868
493.394505,100,138.249561
503.925607,100,138.438796
510.286927,100,153.006459
483.341278,100,153.25037
520.46001,100,153.53431
473.627083,100,153.81668
504.747975,100,154.107265
513.950838,100,154.399757
448.42962,100,154.680807
498.675165,100,154.969414
508.057665,100,155.229965
493.773661,100,155.536803
502.443683,100,168.39586
472.807479,100,168.552711
473.564624,100,168.706435
438.388699,100,168.942851
448.523714,100,169.136424
507.967465,100,169.294357
452.159815,100,169.478966
496.5349,100,169.638072
461.238774,100,169.804925
437.603134,100,169.973903
499.129319,100,181.400723
458.258112,100,181.557719
493.396422,100,181.704289
464.648488,100,181.863376
476.514839,100,182.02191
483.704342,100,182.186396
453.344737,100,182.35242
512.787941,100,182.516817
512.303285,100,182.666142
423.877724,100,182.858387
467.786295,100,193.383778
485.418328,100,193.552388
498.669875,100,193.724854
465.988922,100,193.878556
485.023327,100,194.040574
462.890383,100,194.206732
499.292124,100,194.357803
495.461142,100,194.507877
499.990839,100,194.656445
450.903508,100,194.843489
517.336294,100,208.558402
502.683767,100,208.725531
416.279201,100,208.989963
411.487788,100,209.16855
418.468587,100,209.36124
490.68271,100,209.534303
504.033772,100,209.687417
508.663904,100,209.854292
465.549489,100,210.022038
512.426538,100,210.200175
487.522567,100,221.884524
490.873585,100,222.042958
493.427992,100,222.201555
486.36188,100,222.374876
478.97843,100,222.553269
510.446836,100,222.720995
464.906438,100,222.983671
401.872611,100,223.150815
482.023411,100,223.318882
504.273597,100,223.49019
432.370462,100,234.887131
501.78354,100,235.233271
511.607809,100,235.390586
460.694071,100,235.583863
419.298869,100,235.756634
485.814301,100,235.938319
444.330637,100,236.114753
519.214597,100,236.302613
472.769848,100,236.478927
473.932977,100,236.655558
507.177963,100,248.478559
474.181645,100,248.635542
510.121928,100,248.788604
489.459751,100,248.936285
481.293057,100,249.14161
505.150634,100,249.337014
475.960317,100,249.517588
425.790924,100,249.681304
476.024813,100,249.838256
493.271865,100,250.001158
498.607938,100,261.519788
512.735462,100,261.695809
450.621197,100,261.868319
453.225206,100,262.028464
438.873011,100,262.18365
462.805117,100,262.347422
508.300836,100,262.50951
474.529334,100,262.664933
506.070764,100,262.823714
455.873488,100,262.981826
510.383695,100,273.602281
416.450824,100,273.745646
420.183497,100,273.891431
496.874448,100,274.056292
475.469955,100,274.220888
502.378851,100,274.383105
512.793006,100,274.547271
476.884265,100,274.712949
490.931091,100,274.879425
440.684417,100,275.068605
507.412102,100,285.876405
496.916625,100,286.038409
455.711484,100,286.215624
452.240897,100,286.383869
449.242072,100,286.547893
455.377399,100,286.701999
451.922092,100,286.85052
513.703616,100,287.007611
492.809562,100,287.278646
458.954383,100,287.467196
480.702622,100,300.132708
499.937517,100,300.305682
444.054586,100,300.478288
511.532303,100,300.639035
470.021817,100,300.79335
507.724345,100,300.966949
509.484265,100,301.144691
498.094913,100,301.3697
519.330781,100,301.601562
474.438699,100,301.771035
486.553879,100,314.669082
510.18313,100,314.820341
520.14226,100,314.968754
517.198301,100,315.126007
517.57936,100,315.318835
514.14163,100,315.57689
515.057654,100,315.733151
516.838562,100,315.924862
499.606073,100,316.073288
505.865733,100,316.244204
446.298926,100,327.040159
514.68292,100,327.203249
500.209636,100,327.375954
481.722176,100,327.587139
480.460798,100,327.810919
476.886642,100,327.974701
515.924036,100,328.171963
497.084709,100,328.337099
501.244573,100,328.495194
512.980631,100,328.664567
501.984024,100,339.910957
472.068488,100,340.07084
517.208057,100,340.244301
464.809061,100,340.404924
477.470602,100,340.577918
477.719046,100,340.760579
502.569065,100,340.945643
512.982745,100,341.109999
482.687896,100,341.283567
458.902815,100,341.454823
515.615644,100,354.152778
512.823163,100,354.340114
444.481099,100,354.51659
462.550212,100,354.716805
494.695425,100,354.903118
489.052816,100,355.077775
512.308417,100,355.254166
463.232173,100,355.421964
508.048283,100,355.580692
463.894123,100,355.807529
456.207733,100,368.450381
509.460559,100,368.605897
448.377902,100,368.764319
501.625471,100,368.920305
497.020358,100,369.072292
451.315265,100,369.222099
510.171018,100,369.36898
501.462874,100,369.514272
494.747,100,369.680005
509.831601,100,369.9441
436.879497,100,381.759621
516.907802,100,381.99363
498.614979,100,382.225059
447.759592,100,382.444492
508.197042,100,382.626282
486.766361,100,382.795774
474.585663,100,382.967844
508.091087,100,383.130517
516.0674,100,383.290102
516.297887,100,383.446079
452.105927,100,394.739825
479.84734,100,394.934813
508.038132,100,395.098741
467.551553,100,395.272278
485.499176,100,395.454314
437.29657,100,395.628823
509.8742,100,395.899239
503.650347,100,396.054791
484.637212,100,396.270911
454.817172,100,396.446574
510.940903,100,407.716108
499.33201,100,407.961549
512.295048,100,408.135255
472.947637,100,408.321899
487.537942,100,408.483917
521.833961,100,408.660073
495.60341,100,408.853788
427.446523,100,409.018554
501.083569,100,409.188269
458.769785,100,409.357358
471.406241,100,423.548045
490.92824,100,423.85674
452.135669,100,424.164353
491.345244,100,424.484332
449.517338,100,424.785192
508.893744,100,425.074327
466.716442,100,425.401569
506.511508,100,425.720073
473.267199,100,426.041371
503.368751,100,426.378747
462.641408,100,439.189945
497.505006,100,439.376169
504.877148,100,439.601313
477.786052,100,439.785424
508.379741,100,439.941399
512.037847,100,440.114914
487.34816,100,440.277543
491.573897,100,440.428861
465.739515,100,440.595695
472.312358,100,440.753851
522.269815,100,453.965888
475.325193,100,454.290431
504.647556,100,454.625437
520.831723,100,454.89467
491.806184,100,455.18277
502.137203,100,455.517662
444.864343,100,455.85886
435.888304,100,456.198656
439.163575,100,456.547972
485.19902,100,456.853772
511.421125,100,468.862539
516.061147,100,469.043982
475.973126,100,469.223693
488.854076,100,469.382246
475.670612,100,469.534776
479.697842,100,469.68665
454.230265,100,469.917409
469.9252,100,470.141896
403.743651,100,470.341278
489.6342,100,470.532626
520.724941,100,481.488563
518.664792,100,481.651678
482.710483,100,481.824645
510.430378,100,482.087204
509.239624,100,482.261307
468.99518,100,482.450892
513.996857,100,482.622689
477.737223,100,482.779033
514.066398,100,482.939251
525.001775,100,483.093848
504.830716,100,494.575818
513.72516,100,494.755839
495.406778,100,494.923106
516.095724,100,495.099969
388.859141,100,495.271859
496.608742,100,495.438926
513.954283,100,495.598464
483.031527,100,495.760554
470.110791,100,496.027889
519.958047,100,496.18723
506.3551,100,510.273392
506.701319,100,510.448845
514.112062,100,510.616966
481.718954,100,510.77304
496.250935,100,510.978112
506.455497,100,511.184924
502.95838,100,511.395155
518.058965,100,511.595461
495.886887,100,511.814547
438.203757,100,512.106814
448.73869,100,523.977149
454.648125,100,524.169893
466.122726,100,524.376314
497.96611,100,524.550096
481.611064,100,524.725953
507.551957,100,524.91006
444.098786,100,525.090226
448.725376,100,525.270255
455.099018,100,525.460915
467.933891,100,525.65719
463.08565,100,539.022745
516.675521,100,539.228973
516.389431,100,539.413617
450.16192,100,539.580562
496.257612,100,539.738885
520.042342,100,539.982672
415.33011,100,540.187187
507.912,100,540.40111
505.362962,100,540.612648
521.39514,100,540.809318
485.813583,100,552.974155
518.232052,100,553.155406
507.279474,100,553.341811
515.022062,100,553.51484
447.53603,100,553.683753
514.934702,100,553.89381
512.613216,100,554.118952
494.827557,100,554.294322
515.576461,100,554.461888
517.876087,100,554.609851
476.320335,100,565.962326
500.868397,100,566.142099
522.428836,100,566.325643
518.114813,100,566.493265
519.999186,100,566.652822
478.506442,100,566.821959
514.741701,100,566.990067
509.04958,100,567.14857
494.939065,100,567.322318
503.027006,100,567.481991
508.886137,100,578.453015
498.40519,100,578.646224
511.157139,100,578.820859
496.867784,100,578.980781
508.566097,100,579.136937
511.849575,100,579.28421
518.438109,100,579.428551
517.612538,100,579.575351
458.647642,100,579.729046
495.363037,100,579.881497
518.568047,100,590.411627
403.316779,100,590.569602
503.676781,100,590.730608
463.875942,100,590.985589
493.369286,100,591.131815
466.522684,100,591.31375
519.712734,100,591.464442
500.822802,100,591.619909
471.462047,100,591.767778
468.383005,100,591.929933
492.59598,100,602.404256
431.774631,100,602.551601
482.789616,100,602.709317
503.319702,100,602.991392
481.483064,100,603.18357
499.962226,100,603.383842
511.245114,100,603.563537
455.40338,100,603.732183
488.577217,100,603.901922
517.626702,100,604.07219
498.190532,100,614.717153
452.768568,100,614.865214
357.961166,100,615.017309
464.705543,100,615.159993
518.708073,100,615.306165
509.703633,100,615.458393
506.336701,100,615.600708
467.641274,100,615.747893
424.112919,100,615.9699
470.202609,100,616.175894
482.273519,100,626.999676
508.824026,100,627.181107
519.172606,100,627.368345
518.997712,100,627.543095
484.192425,100,627.707617
519.410564,100,627.878067
517.003402,100,628.045952
460.373616,100,628.244036
487.22058,100,628.495982
499.022745,100,628.679635
504.929163,100,639.738152
511.704074,100,639.906239
462.123282,100,640.080051
504.230361,100,640.252069
509.277706,100,640.425153
515.521881,100,640.596746
461.378322,100,640.770329
497.292051,100,641.016194
500.490836,100,641.217886
479.674717,100,641.417915
470.409365,100,652.870406
517.99716,100,653.031687
473.652513,100,653.213942
516.394263,100,653.480507
452.917688,100,653.652457
480.92448,100,653.840881
497.034029,100,654.006968
513.7451,100,654.168307
464.385139,100,654.337427
491.171146,100,654.498316
447.037053,100,665.258041
515.228595,100,665.413164
510.329503,100,665.563489
435.470505,100,665.712968
510.871347,100,665.896588
521.537769,100,666.174094
516.326226,100,666.350085
404.151275,100,666.552604
521.554769,100,666.71807
494.657608,100,666.8735
485.225002,100,678.758224
461.436027,100,678.931765
515.756113,100,679.123239
518.227874,100,679.311119
517.51406,100,679.493838
482.757852,100,679.66696
522.553383,100,679.842312
416.618761,100,680.099697
518.725244,100,680.27867
423.016585,100,680.484376
425.311923,100,693.561562
439.870157,100,693.826035
481.980324,100,694.113273
496.369196,100,694.361962
500.029646,100,694.637545
495.078496,100,694.927797
504.480026,100,695.227035
516.278894,100,695.524045
524.013349,100,695.83497
489.093291,100,696.150676
461.412559,100,709.446523
506.916469,100,709.752105
515.302978,100,710.080796
490.87577,100,710.277197
510.959256,100,710.50268
495.843173,100,710.708397
388.387776,100,710.905598
495.786626,100,711.09912
522.457157,100,711.292984
504.289662,100,711.475007
402.008204,100,724.816247
517.592113,100,724.989677
483.08834,100,725.157737
520.062252,100,725.313528
463.173793,100,725.481629
490.843634,100,725.636927
488.964157,100,725.787852
511.102435,100,726.00522
465.560591,100,726.208288
497.513319,100,726.399452
502.458715,100,737.016662
518.285648,100,737.201191
522.433768,100,737.366155
477.830346,100,737.536897
514.054866,100,737.702605
519.010327,100,737.878921
517.633921,100,738.136779
502.859785,100,738.314554
516.187894,100,738.509396
518.768981,100,738.68351
513.960117,100,752.399661
519.739774,100,752.572632
508.242459,100,752.739725
504.661603,100,752.923884
519.965931,100,753.086013
465.525709,100,753.252301
518.705083,100,753.410046
513.78994,100,753.579264
426.845749,100,753.751294
508.673842,100,753.964658
512.93626,100,764.831655
504.995935,100,764.99233
517.323311,100,765.166624
516.101894,100,765.332804
510.75819,100,765.496965
475.405071,100,765.669672
513.032536,100,765.837602
484.283995,100,766.090029
486.708093,100,766.240752
514.275081,100,766.418836
430.121443,100,777.627628
519.243778,100,777.783846
521.349834,100,778.007451
515.548287,100,778.223306
514.848819,100,778.399899
485.437285,100,778.573881
505.718329,100,778.737212
521.362984,100,778.889334
467.965971,100,779.048451
501.435348,100,779.215094
492.041827,100,790.628216
516.91746,100,790.802137
503.599759,100,791.026722
506.249866,100,791.192726
504.336072,100,791.345241
457.792812,100,791.527314
503.213987,100,791.698592
523.23844,100,791.877768
442.480216,100,792.164141
505.1939,100,792.367125
486.485767,100,804.099322
438.939273,100,804.248816
507.133665,100,804.411396
505.141507,100,804.678233
507.07834,100,804.836375
518.211396,100,805.013462
447.537513,100,805.163256
520.783944,100,805.312555
521.241751,100,805.455491
484.21185,100,805.599897
512.56833,100,816.038744
482.004556,100,816.210031
505.487581,100,816.383748
451.144066,100,816.538396
490.647551,100,816.690574
511.709106,100,816.854364
508.397131,100,817.007736
522.114113,100,817.168054
485.220973,100,817.333764
495.124935,100,817.508675
523.0075,100,827.994692
515.705616,100,828.159273
505.226086,100,828.318835
514.793637,100,828.46962
509.874766,100,828.619646
517.267097,100,828.804257
446.728299,100,829.032392
496.841773,100,829.199425
513.925658,100,829.368055
510.879536,100,829.518314
509.636688,100,842.651189
503.739043,100,842.807374
466.232036,100,842.969798
479.457266,100,843.129347
510.657988,100,843.39468
511.456617,100,843.54781
514.608774,100,843.710269
456.122122,100,843.874189
482.628406,100,844.022019
469.311688,100,844.191907
522.211221,100,1.5268
490.003258,100,1.71323
491.966258,100,1.857509
478.575307,100,2.006695
480.211339,100,2.160536
418.347847,100,2.314679
506.800635,100,2.468716
498.839961,100,2.635634
477.204509,100,2.803274
489.791308,100,2.967187
514.857529,100,16.650413
518.023389,100,16.812665
503.964208,100,16.966364
516.534216,100,17.119761
512.666897,100,17.277775
509.899104,100,17.500741
492.848047,100,17.702683
506.094409,100,17.867614
511.051274,100,18.02426
510.36701,100,18.167148
514.301153,100,30.015221
477.707181,100,30.20528
493.381856,100,30.384631
506.75762,100,30.577814
517.062359,100,30.767132
484.130523,100,30.941015
485.98951,100,31.120684
455.927941,100,31.330187
509.35006,100,31.656698
513.362574,100,31.89762
505.794163,100,44.563677
519.702389,100,44.738816
514.143363,100,44.90982
486.476841,100,45.090033
523.072764,100,45.264868
511.718586,100,45.480294
503.774119,100,45.710164
469.887466,100,45.895584
522.830041,100,46.05311
514.405109,100,46.213812
514.392368,100,58.060103
506.645122,100,58.243385
518.219953,100,58.427411
495.106266,100,58.596624
509.015459,100,58.758915
499.388101,100,58.930024
515.695709,100,59.085546
522.777234,100,59.244728
516.750301,100,59.428507
495.801099,100,59.678482
508.81188,100,70.403828
519.624251,100,70.564299
513.403784,100,70.713093
511.381187,100,70.860691
488.216246,100,71.00636
521.072802,100,71.157394
519.019261,100,71.310744
491.720545,100,71.542284
508.301279,100,71.709476
463.990607,100,71.877733
492.689347,100,82.815747
506.441772,100,82.985847
479.290577,100,83.146757
475.918743,100,83.306477
500.826267,100,83.502178
490.412535,100,83.718708
450.209299,100,83.897616
520.074289,100,84.056466
483.866103,100,84.208143
513.24979,100,84.368443
519.880711,100,95.372488
433.237849,100,95.639586
503.363194,100,95.811411
467.633104,100,95.975707
516.356091,100,96.149468
495.020063,100,96.302814
498.337212,100,96.463395
488.993332,100,96.624155
516.550559,100,96.782791
521.814086,100,96.943084
486.350807,100,109.664824
473.372768,100,109.831991
516.15245,100,110.01443
514.556383,100,110.182745
434.921279,100,110.347304
513.034184,100,110.507916
505.019399,100,110.682032
483.259742,100,110.844234
519.883016,100,111.009522
517.540617,100,111.173536
507.986788,100,122.59828
518.244214,100,122.753509
485.853688,100,122.903139
509.500455,100,123.053268
521.312985,100,123.21851
496.897114,100,123.38771
521.20749,100,123.57373
489.046011,100,123.749447
416.576117,100,123.907723
442.632666,100,124.071449
513.732007,100,136.386349
519.716097,100,136.561646
497.319304,100,136.733232
499.148393,100,136.884434
511.808292,100,137.084417
482.743179,100,137.278913
408.150354,100,137.456506
513.30584,100,137.622576
506.068557,100,137.778823
511.107557,100,137.932861
510.539858,100,149.830626
502.200454,100,149.99053
522.337903,100,150.145308
506.950142,100,150.303094
519.440302,100,150.467694
518.279462,100,150.621552
428.201351,100,150.793916
509.445105,100,150.958205
516.681391,100,151.185755
512.519174,100,151.415534
512.590856,100,163.468691
495.787693,100,163.640696
492.992643,100,163.804463
462.823841,100,163.954857
476.777318,100,164.119436
511.349783,100,164.275096
496.668631,100,164.532974
508.595797,100,164.759504
493.233652,100,164.95009
471.53798,100,165.102413
518.515848,100,176.290571
480.608726,100,176.457902
500.198236,100,176.629973
494.715311,100,176.791617
519.127578,100,176.955517
489.098054,100,177.112076
481.329033,100,177.267575
517.410975,100,177.431121
519.300611,100,177.710459
443.381017,100,177.897427
491.109252,100,188.504212
519.592741,100,188.651265
512.840827,100,188.931294
478.185631,100,189.09209
492.252072,100,189.271425
491.186812,100,189.420319
509.097341,100,189.578813
512.253547,100,189.733744
508.441314,100,189.894866
483.232474,100,190.060559
514.731059,100,200.709879
512.974356,100,200.878669
454.120769,100,201.053478
425.394078,100,201.232111
444.647327,100,201.525664
497.809117,100,201.822354
514.648976,100,202.141394
512.725884,100,202.477768
474.35614,100,202.81586
517.673387,100,203.159229
501.476812,100,215.162698
506.754273,100,215.427366
503.54336,100,215.626894
496.837341,100,215.803984
498.421581,100,215.952194
516.601188,100,216.107666
499.453706,100,216.270544
434.475619,100,216.453783
485.458887,100,216.660241
511.058992,100,216.841856
440.376812,100,229.830018
518.111668,100,230.035576
518.808978,100,230.19085
473.424857,100,230.357485
441.231832,100,230.518124
500.220786,100,230.689809
458.1424,100,230.869363
522.731456,100,231.040422
489.326014,100,231.201725
515.664754,100,231.471078
516.677967,100,243.042559
508.328891,100,243.184952
518.302054,100,243.4616
503.269279,100,243.666854
508.914315,100,243.861156
514.552352,100,244.025563
512.063159,100,244.178912
454.354988,100,244.341229
485.250127,100,244.521162
503.526308,100,244.685271
509.130863,100,256.535677
512.435005,100,256.740006
499.070092,100,256.929594
485.076901,100,257.108741
466.96978,100,257.373461
488.992749,100,257.609236
513.366021,100,257.817911
465.771804,100,257.99429
519.185284,100,258.176844
485.657929,100,258.370553
519.101121,100,270.103235
447.680232,100,270.270757
431.578671,100,270.441339
512.166263,100,270.623092
496.05263,100,270.789876
514.786695,100,270.944027
517.910771,100,271.126001
500.135096,100,271.358883
490.16291,100,271.570422
476.192344,100,271.747327
518.016101,100,282.597662
521.108401,100,282.751236
479.30143,100,282.916208
475.250987,100,283.076843
472.758926,100,283.263307
472.217713,100,283.491838
492.819643,100,283.651635
516.324603,100,283.844873
509.942109,100,283.994713
486.536167,100,284.143219
509.976729,100,294.869342
513.395082,100,295.027014
458.980896,100,295.193907
521.917702,100,295.462665
500.138445,100,295.62743
514.79829,100,295.809279
513.890098,100,295.959793
505.461723,100,296.11487
521.142778,100,296.270893
491.546864,100,296.433661
499.532951,100,307.958729
521.999318,100,308.117892
521.905607,100,308.273391
519.041093,100,308.427151
508.645231,100,308.596252
514.381551,100,308.768627
521.613519,100,308.936997
518.404342,100,309.104373
507.32751,100,309.318467
512.083175,100,309.552854
480.133256,100,321.683289
521.316092,100,321.884858
510.036401,100,322.075521
490.531,100,322.26188
479.967817,100,322.438292
503.370376,100,322.600114
522.033527,100,322.774194
509.685301,100,323.010889
509.649136,100,323.168552
517.820677,100,323.425263
486.410901,100,334.282246
495.328717,100,334.448427
516.818735,100,334.611422
472.927408,100,334.766109
512.16261,100,334.922518
502.10435,100,335.071253
511.454677,100,335.239393
515.048797,100,335.489147
508.228538,100,335.636144
478.388668,100,335.815979
522.961667,100,348.636713
515.134594,100,348.810182
489.282641,100,348.976327
487.992414,100,349.14626
506.224596,100,349.402533
497.113399,100,349.621502
522.361859,100,349.857677
496.514579,100,350.050302
519.369799,100,350.236744
487.971488,100,350.427314
471.670203,100,361.577691
517.859552,100,361.749247
477.700439,100,361.942913
504.331971,100,362.115117
504.15712,100,362.290747
501.848589,100,362.465886
520.043704,100,362.632474
513.631981,100,362.803415
499.576968,100,362.983681
515.370782,100,363.166588
460.866623,100,374.876373
520.259424,100,375.035978
511.411444,100,375.19667
467.069649,100,375.45771
515.523745,100,375.614812
492.49334,100,375.801731
494.358797,100,375.973536
517.1866,100,376.129955
519.640562,100,376.28441
519.79319,100,376.456241
497.231602,100,388.519013
506.009284,100,388.668266
515.215211,100,388.814209
504.558365,100,388.955115
503.346568,100,389.119685
454.373782,100,389.307773
516.413034,100,389.547616
509.117823,100,389.720998
510.683171,100,389.904313
474.768349,100,390.076689
519.759079,100,400.771963
504.654077,100,400.951465
520.726409,100,401.133157
478.561327,100,401.304702
512.431977,100,401.478908
524.55798,100,401.780075
502.385253,100,401.973897
439.296817,100,402.181379
507.257406,100,402.357474
479.821062,100,402.535437
496.192378,100,415.511005
488.430447,100,415.674653
476.065547,100,415.833882
510.450544,100,415.986579
480.84663,100,416.136358
515.679506,100,416.373009
487.671573,100,416.554865
514.077738,100,416.737554
511.209779,100,416.900603
510.965446,100,417.049898
497.5588,100,427.522423
507.08853,100,427.686471
507.236973,100,427.866288
499.625758,100,428.024984
515.689184,100,428.184686
518.655194,100,428.452134
499.405323,100,428.622302
507.825099,100,428.799825
493.88515,100,428.952993
491.47029,100,429.115748
524.238726,100,439.660859
502.82825,100,439.819748
514.674667,100,439.97239
519.656185,100,440.116573
506.94438,100,440.331978
508.314279,100,440.529179
474.11415,100,440.701168
500.882974,100,440.881891
483.173435,100,441.047883
499.021009,100,441.214004
510.943669,100,453.122913
515.168201,100,453.322078
517.260195,100,453.519913
508.471526,100,453.703688
485.109311,100,453.889587
521.308056,100,454.056549
467.853283,100,454.251457
480.804164,100,454.502174
430.920366,100,454.700119
506.208184,100,454.904501
519.347099,100,467.216548
519.092561,100,467.500146
501.025149,100,467.808096
516.400954,100,468.109144
516.116538,100,468.424395
498.66645,100,468.674725
516.895466,100,468.993921
480.595081,100,469.317248
517.575689,100,469.629859
523.570128,100,469.928223
512.659706,100,484.398571
518.350909,100,484.666533
504.046896,100,484.922941
521.321996,100,485.16708
405.812476,100,485.405684
511.88638,100,485.624756
512.530919,100,485.837552
505.418398,100,486.053144
475.103229,100,486.334761
523.180155,100,486.613436
516.283103,100,499.568619
514.085426,100,499.717578
517.893733,100,499.867307
496.308893,100,500.015537
512.862369,100,500.174202
512.213871,100,500.439246
507.054053,100,500.616685
520.323406,100,500.808994
512.942446,100,500.969506
467.036052,100,501.126737
468.116995,100,515.261194
507.886004,100,515.412812
494.287819,100,515.58558
504.354786,100,515.750604
495.208879,100,515.906625
513.921017,100,516.072706
489.073325,100,516.26667
466.849413,100,516.51801
471.27318,100,516.69624
503.207501,100,516.900068
496.342596,100,528.104156
518.290698,100,528.429483
518.940897,100,528.661947
476.048728,100,528.960592
502.37523,100,529.255005
520.284674,100,529.4236
401.315349,100,529.600302
514.446644,100,529.764499
514.3736,100,529.918427
520.266025,100,530.072028
507.09045,100,541.50516
523.288212,100,541.670659
513.252154,100,541.83066
519.468248,100,541.991254
453.754329,100,542.149599
521.282756,100,542.37646
519.942577,100,542.579282
509.497479,100,542.764292
522.839184,100,542.92252
517.230765,100,543.081052
475.947668,100,558.182212
511.087874,100,558.533699
524.986328,100,558.839721
522.819356,100,559.185228
524.748694,100,559.522454
498.442997,100,559.886534
521.931243,100,560.225545
510.282479,100,560.570893
502.940127,100,560.914399
513.832571,100,561.266285
513.541412,100,575.528857
510.648365,100,575.681704
515.628463,100,575.830272
497.223445,100,575.977067
510.463761,100,576.129225
517.988318,100,576.321955
517.027295,100,576.547359
521.709894,100,576.729381
480.111508,100,576.895551
516.932184,100,577.060749
525.217191,100,587.873291
423.423833,100,588.018188
501.986682,100,588.184181
488.885279,100,588.343763
502.994877,100,588.497376
489.679633,100,588.698032
521.107985,100,588.917317
512.546524,100,589.061626
506.014146,100,589.234134
505.581481,100,589.379152
502.054077,100,602.614654
462.253037,100,602.769509
496.731222,100,602.919594
507.33536,100,603.082201
500.158116,100,603.241569
503.543232,100,603.400494
518.278873,100,603.676441
470.179964,100,603.849339
498.8299,100,604.037358
519.435494,100,604.237546
515.427219,100,615.336319
464.504722,100,615.53906
375.665476,100,615.709948
489.641764,100,615.872371
517.328775,100,616.112114
512.310867,100,616.344581
514.654197,100,616.548244
489.655402,100,616.734342
454.858927,100,616.920122
490.373982,100,617.09316
489.668629,100,629.927258
510.775342,100,630.092013
521.375963,100,630.371085
522.403712,100,630.537259
507.552916,100,630.728404
519.788166,100,630.894194
518.865824,100,631.042275
484.563674,100,631.215218
510.008186,100,631.37178
512.581036,100,631.524378
510.151906,100,644.37234
517.699084,100,644.519064
483.472969,100,644.678326
510.648762,100,644.841121
513.365334,100,644.991406
519.402729,100,645.143044
484.882876,100,645.355685
504.805163,100,645.602347
504.691462,100,645.826815
494.977915,100,646.008878
474.858658,100,656.317164
519.953509,100,656.457176
500.800996,100,656.698744
521.400521,100,656.908172
475.665515,100,657.071366
501.741348,100,657.240705
502.339384,100,657.384832
517.71334,100,657.54048
494.750585,100,657.729598
509.389271,100,657.901692
455.114732,100,669.235721
515.769889,100,669.378383
513.13268,100,669.53317
472.147117,100,669.70499
511.932541,100,669.895382
522.036529,100,670.069028
518.228445,100,670.221615
408.010614,100,670.377699
523.097385,100,670.537234
501.331712,100,670.692381
494.61954,100,683.745503
493.2353,100,683.937632
516.402083,100,684.128795
518.634409,100,684.290714
521.710107,100,684.449442
494.370045,100,684.600327
522.914734,100,684.785332
412.323299,100,684.939643
522.066193,100,685.107044
434.322879,100,685.285556
459.06315,100,696.784341
455.409834,100,697.034513
499.398641,100,697.246966
507.492957,100,697.478716
516.798255,100,697.75939
516.462354,100,698.03127
503.674075,100,698.324494
520.162169,100,698.655861
524.367099,100,698.936687
510.493417,100,699.227401
491.685857,100,711.586882
515.323565,100,711.774435
521.842259,100,711.956591
492.651498,100,712.147655
518.750548,100,712.323208
506.485725,100,712.49673
394.932512,100,712.67968
506.553825,100,712.889758
522.896442,100,713.142336
514.29589,100,713.341697
420.379602,100,723.916445
524.018711,100,724.083606
504.513918,100,724.232888
522.287903,100,724.378147
480.905903,100,724.534687
495.064936,100,724.690506
501.485032,100,724.879581
514.514759,100,725.129138
483.278175,100,725.298169
506.101526,100,725.455228
512.347283,100,737.410329
521.878709,100,737.569678
522.927719,100,737.728592
499.675052,100,737.887146
516.38182,100,738.043117
520.957248,100,738.195191
521.751466,100,738.347742
511.850121,100,738.500625
519.419594,100,738.661748
522.31918,100,738.818378
518.914152,100,750.275716
521.858462,100,750.424883
512.315639,100,750.610389
510.584719,100,750.781912
520.699308,100,750.975955
492.310598,100,751.24043
523.546533,100,751.403176
522.165414,100,751.585337
453.831726,100,751.776334
512.979588,100,751.941239
520.387869,100,762.498464
509.540136,100,762.653486
518.205049,100,762.825605
519.799514,100,763.048372
513.509134,100,763.251999
480.900186,100,763.414971
520.016464,100,763.594527
503.08593,100,763.777598
492.616116,100,763.964893
519.087968,100,764.124456
446.334646,100,775.657598
523.360544,100,775.817596
523.040706,100,775.971503
520.840247,100,776.124618
519.049605,100,776.273646
491.58551,100,776.426112
508.9826,100,776.604186
523.244864,100,776.918093
494.322928,100,777.097464
514.715991,100,777.287731
497.057619,100,790.049321
519.095285,100,790.235144
509.024436,100,790.390921
510.396157,100,790.559547
508.194543,100,790.745854
469.117398,100,791.007318
513.301165,100,791.21044
525.042285,100,791.378604
454.03096,100,791.557898
512.010033,100,791.727163
494.946709,100,802.720159
485.473469,100,802.879552
518.06525,100,803.038869
512.167766,100,803.183617
515.92515,100,803.332163
521.84715,100,803.476388
453.3005,100,803.625717
522.816491,100,803.785664
523.235163,100,803.995362
499.495083,100,804.206676
514.953813,100,814.797266
498.536922,100,815.064084
504.080725,100,815.228639
454.752777,100,815.423327
506.099108,100,815.576461
513.812878,100,815.726545
522.83722,100,815.880302
525.249754,100,816.033858
496.041229,100,816.189984
503.534636,100,816.348433
521.895866,100,837.020475
520.196059,100,837.195919
515.080378,100,837.395838
516.728288,100,837.703818
512.069889,100,837.889037
520.804622,100,838.060411
453.133809,100,838.218143
509.20301,100,838.377756
517.608672,100,838.557757
514.181385,100,838.729038
520.814926,100,849.757402
495.640884,100,849.919228
491.281141,100,850.165872
497.443688,100,850.35899
516.932951,100,850.546296
513.855401,100,850.718423
516.397966,100,850.872847
470.270425,100,851.021972
505.04918,100,851.176811
470.97163,100,851.330285
525.722082,100,1.469292
513.885307,100,1.613481
505.015382,100,1.75567
509.404188,100,1.897072
484.308671,100,2.048257
432.169643,100,2.202069
509.445377,100,2.451937
511.698396,100,2.64316
491.025068,100,2.799316
503.494121,100,2.946543
519.873566,100,11.724792
520.369952,100,11.885423
507.026716,100,12.033348
523.070536,100,12.188067
519.487599,100,12.428847
513.957597,100,12.657019
505.513737,100,12.81845
517.362858,100,12.971332
517.914029,100,13.125433
516.664535,100,13.295165
519.293596,100,22.165851
515.033215,100,22.399226
499.070893,100,22.595716
511.530026,100,22.753524
520.42155,100,22.903274
493.360155,100,23.047835
498.127208,100,23.220838
470.422061,100,23.370118
511.910107,100,23.508637
514.13004,100,23.650052
522.530784,100,32.331496
520.571644,100,32.54748
519.087553,100,32.714694
501.740044,100,32.867513
523.281989,100,33.015066
514.090782,100,33.172814
510.917031,100,33.330405
482.454223,100,33.475523
524.832874,100,33.617547
516.842106,100,33.759341
516.47666,100,42.710633
511.640418,100,42.857342
520.418399,100,43.003449
511.727965,100,43.175402
519.169173,100,43.322917
505.743904,100,43.46753
517.047981,100,43.60926
524.752716,100,43.74901
516.572877,100,43.903628
517.287809,100,44.047493
509.002299,100,53.339678
525.454846,100,53.490712
520.319558,100,53.639976
518.415319,100,53.794438
505.721174,100,53.94849
521.362744,100,54.097252
522.577326,100,54.248057
489.509676,100,54.505118
510.465961,100,54.695874
496.270997,100,54.846067
511.342442,100,63.737517
514.03539,100,63.88449
492.607723,100,64.023885
484.578632,100,64.167698
507.722946,100,64.372179
492.930329,100,64.565889
453.467295,100,64.720512
523.527169,100,64.871995
492.141428,100,65.015332
521.727983,100,65.17009
523.219081,100,73.746649
468.260498,100,73.888545
504.577557,100,74.027899
474.656469,100,74.174186
518.743128,100,74.385831
488.243714,100,74.562057
498.276627,100,74.717426
504.467571,100,74.860928
517.72374,100,75.005728
523.709367,100,75.152683
490.562656,100,83.704297
486.102846,100,83.844952
517.851636,100,83.989389
519.929968,100,84.13387
446.235988,100,84.298027
516.637088,100,84.522327
514.488888,100,84.692236
486.722775,100,84.843879
518.411515,100,84.98763
519.757159,100,85.13518
514.292065,100,93.833746
518.990649,100,93.978338
503.258589,100,94.121757
516.831144,100,94.27221
521.795508,100,94.521215
504.199632,100,94.686177
523.897721,100,94.832155
506.453717,100,94.973073
436.957567,100,95.129797
458.217857,100,95.282982
518.39894,100,104.073905
522.741849,100,104.218942
497.383801,100,104.44854
513.305644,100,104.623407
505.821141,100,104.76269
497.382917,100,104.903937
409.387031,100,105.052069
518.637738,100,105.219997
513.051879,100,105.364321
516.816992,100,105.502176
515.028823,100,114.545493
507.825683,100,114.740514
525.715491,100,114.897247
508.303629,100,115.045884
518.717103,100,115.217228
521.653389,100,115.375539
428.744185,100,115.530882
521.989716,100,115.683652
521.774069,100,115.837498
517.617699,100,115.990523
520.256832,100,125.456137
498.93813,100,125.604376
497.465472,100,125.755666
493.951882,100,125.904705
493.131808,100,126.052322
517.087521,100,126.205719
514.849786,100,126.44318
511.319908,100,126.673797
509.703173,100,126.824077
500.01905,100,126.971698
521.28324,100,135.792061
499.327164,100,135.937405
510.450555,100,136.085923
506.155381,100,136.234488
521.150657,100,136.473678
494.340094,100,136.643681
496.391133,100,136.794
517.82308,100,136.935578
521.632618,100,137.091614
465.239785,100,137.267155
499.651639,100,146.073749
521.573584,100,146.221111
519.92813,100,146.471775
493.463569,100,146.641852
493.042628,100,146.794326
505.507586,100,146.93729
513.142947,100,147.083205
518.895503,100,147.258572
512.109337,100,147.414712
501.113956,100,147.566238
516.879723,100,156.438399
514.96805,100,156.625222
486.208299,100,156.781336
440.916423,100,156.931674
455.474854,100,157.079413
501.977269,100,157.268973
516.450182,100,157.425477
515.235499,100,157.575081
491.401158,100,157.725124
522.81129,100,157.877485
502.592794,100,167.210757
512.851708,100,167.36774
517.4569,100,167.514282
505.452025,100,167.660041
510.978787,100,167.808779
518.190912,100,167.950903
514.796346,100,168.093773
475.636173,100,168.244531
498.71012,100,168.468461
514.173706,100,168.641846
457.585474,100,177.406547
520.1432,100,177.549476
522.139361,100,177.690916
497.073592,100,177.831339
446.105266,100,177.975406
508.628243,100,178.11724
469.074157,100,178.262421
523.142181,100,178.534116
490.071944,100,178.72408
518.427239,100,178.87385
524.578852,100,188.011017
514.291781,100,188.159816
520.676733,100,188.347272
508.227428,100,188.586461
515.284117,100,188.742842
520.201829,100,188.891093
516.088118,100,189.037951
476.788966,100,189.192534
473.531021,100,189.352539
515.579867,100,189.496616
511.730414,100,198.145554
521.904155,100,198.323487
519.150584,100,198.543415
512.125597,100,198.702987
472.96552,100,198.848909
500.005056,100,198.996363
518.428019,100,199.152415
475.917938,100,199.311431
525.528033,100,199.456838
497.671672,100,199.596238
523.893766,100,208.730143
465.25512,100,208.873469
442.334787,100,209.018013
516.084441,100,209.174786
505.438043,100,209.333288
511.625773,100,209.482502
521.677703,100,209.622558
511.708187,100,209.764077
500.220369,100,209.902396
475.406124,100,210.039857
521.235013,100,220.720709
524.432173,100,220.87696
481.017146,100,221.047454
490.358381,100,221.220415
476.25141,100,221.376173
485.785414,100,221.522418
509.301535,100,221.668673
520.142286,100,221.81634
515.40589,100,221.963784
509.433516,100,222.111688
519.883834,100,231.24304
518.357475,100,231.39833
465.665337,100,231.544827
522.434682,100,231.689001
509.315477,100,231.837287
521.440121,100,231.989692
518.880926,100,232.141657
501.639458,100,232.307517
523.023532,100,232.606248
496.924102,100,232.768152
502.160713,100,241.698518
526.87572,100,241.842571
525.298157,100,241.990608
524.216064,100,242.137198
505.302243,100,242.324683
516.693143,100,242.605085
522.129989,100,242.759187
520.323997,100,242.911244
511.241689,100,243.06106
518.637787,100,243.228328
490.597387,100,251.962239
523.367844,100,252.108117
513.63689,100,252.257076
497.681069,100,252.497955
465.363158,100,252.671013
500.411207,100,252.823489
523.833147,100,252.969311
511.427063,100,253.116948
521.635861,100,253.283779
518.334886,100,253.430855
486.15471,100,262.402891
513.677846,100,262.68992
522.516397,100,262.852319
484.174365,100,263.005562
515.547838,100,263.163227
516.624685,100,263.335518
514.784833,100,263.480769
520.090885,100,263.619381
516.133401,100,263.760093
491.990193,100,263.90343
525.377269,100,272.914023
524.470549,100,273.06771
506.606428,100,273.243069
492.47884,100,273.412928
513.304154,100,273.566339
497.224679,100,273.712524
524.450185,100,273.86041
511.060362,100,274.006439
524.864638,100,274.159495
501.157977,100,274.353371
489.764832,100,283.452399
521.850802,100,283.600513
498.357467,100,283.753258
510.950577,100,283.905438
512.879296,100,284.046673
510.16347,100,284.203112
523.801895,100,284.4378
517.637044,100,284.670628
507.424546,100,284.822133
519.84202,100,284.970296
469.425432,100,294.21463
525.681824,100,294.463682
511.599127,100,294.648214
481.347582,100,294.793525
518.913532,100,294.940989
499.708714,100,295.089379
503.263137,100,295.258616
521.718059,100,295.400954
521.826091,100,295.543319
526.249859,100,295.690787
511.351441,100,304.756948
513.779122,100,304.910795
521.203313,100,305.063388
514.956089,100,305.215008
514.831578,100,305.379521
465.183442,100,305.527416
520.217254,100,305.671441
511.018296,100,305.819759
513.100271,100,305.968343
476.43802,100,306.118568
520.390076,100,315.325743
516.057719,100,315.472558
523.250764,100,315.619441
481.366637,100,315.767357
519.155571,100,315.917195
524.76799,100,316.066882
510.676252,100,316.210863
447.669588,100,316.430078
512.861622,100,316.656204
504.582006,100,316.802207
506.566505,100,325.639983
487.710046,100,325.783795
494.894772,100,325.926945
515.972881,100,326.067562
511.745164,100,326.217582
523.543232,100,326.445336
492.840607,100,326.682874
516.87551,100,326.838251
513.282537,100,326.994465
516.41637,100,327.157471
509.289794,100,335.654845
516.17689,100,335.799311
517.609078,100,335.942385
502.855155,100,336.099207
521.551164,100,336.251074
523.526758,100,336.489289
516.775797,100,336.666957
514.866183,100,336.82115
506.846482,100,336.972011
507.523267,100,337.1264
526.018189,100,345.931834
503.194313,100,346.080423
521.003633,100,346.252805
526.077605,100,346.527272
515.018206,100,346.727539
514.422802,100,346.884196
481.260794,100,347.041152
507.472428,100,347.21421
503.661062,100,347.37621
517.09201,100,347.533388
515.529814,100,356.448057
518.899834,100,356.676225
519.651131,100,356.824713
514.373472,100,356.97584
491.127603,100,357.131392
523.37799,100,357.298332
478.513391,100,357.45076
486.526056,100,357.597427
435.957175,100,357.738631
509.364163,100,357.880963
521.499457,100,367.094488
521.128229,100,367.268913
505.920366,100,367.416072
524.175147,100,367.560047
516.994706,100,367.704544
515.045999,100,367.848469
518.628247,100,367.990197
478.140353,100,368.145124
522.434971,100,368.305283
523.938112,100,368.564653
517.603572,100,377.72472
519.83494,100,377.870465
506.313443,100,378.01797
526.1572,100,378.172961
417.262621,100,378.372481
516.861909,100,378.631504
514.541135,100,378.783873
503.228692,100,378.929925
483.908658,100,379.084888
523.398685,100,379.257698
518.954289,100,388.837916
513.814762,100,388.979234
520.6944,100,389.131952
505.687913,100,389.300001
515.96683,100,389.44555
515.158443,100,389.591037
511.957279,100,389.734868
520.991856,100,389.878659
514.232508,100,390.021752
508.763374,100,390.173312
482.904203,100,399.293031
513.841294,100,399.438499
499.771087,100,399.58489
510.645942,100,399.731289
498.327507,100,399.881619
520.482325,100,400.029052
500.587799,100,400.177495
475.080689,100,400.366381
469.536925,100,400.582815
520.442508,100,400.748658
506.740003,100,409.630219
520.469789,100,409.775989
519.895061,100,409.925245
487.062156,100,410.071452
501.356388,100,410.215019
520.817709,100,410.431363
407.177491,100,410.593119
520.000242,100,410.750197
521.373347,100,410.896463
526.463575,100,411.037382
509.116966,100,420.106561
525.186731,100,420.257628
509.440725,100,420.504144
524.616183,100,420.678014
457.002265,100,420.827073
523.545826,100,420.96964
522.248872,100,421.119879
509.987509,100,421.285758
523.461704,100,421.426685
523.091231,100,421.570672
477.987684,100,430.182782
516.619908,100,430.365733
525.959763,100,430.608646
524.653552,100,430.768305
526.388912,100,430.914365
514.201483,100,431.055388
523.954772,100,431.201861
517.339833,100,431.357413
507.473609,100,431.499353
514.879088,100,431.638127
516.312867,100,440.280232
517.518529,100,440.5218
519.224755,100,440.697212
493.474699,100,440.86393
516.428716,100,441.011532
518.46638,100,441.166062
521.974143,100,441.327984
524.718131,100,441.477712
482.609326,100,441.619874
517.578908,100,441.771044
527.038714,100,450.785347
428.538229,100,450.935726
508.778131,100,451.084875
491.200485,100,451.248937
501.402413,100,451.396954
497.844881,100,451.534675
517.052492,100,451.674052
514.821314,100,451.81851
519.185526,100,451.96503
507.604484,100,452.119855
509.984517,100,461.293199
494.245232,100,461.446867
494.080348,100,461.590361
509.602284,100,461.739717
503.981049,100,461.890183
516.906393,100,462.0338
522.095344,100,462.181175
487.472906,100,462.389358
501.828479,100,462.604344
521.350943,100,462.768707
515.624639,100,471.5914
472.65568,100,471.731835
389.895155,100,471.876502
507.178954,100,472.016972
519.256473,100,472.162001
513.843793,100,472.322689
518.796754,100,472.547163
487.254702,100,472.719711
486.148692,100,472.866882
486.829799,100,473.009258
498.386022,100,481.700327
519.615523,100,481.848984
522.726024,100,481.9982
524.250423,100,482.148875
511.574904,100,482.303154
523.138376,100,482.565193
520.418617,100,482.75117
499.856713,100,482.898387
519.52427,100,483.041847
514.460402,100,483.189281
515.90251,100,491.863995
520.600303,100,492.006981
500.806187,100,492.157029
515.848411,100,492.326262
515.680271,100,492.56312
521.707673,100,492.727898
485.317383,100,492.876594
509.326561,100,493.020004
511.937089,100,493.187567
501.659316,100,493.340381
478.524466,100,502.130829
521.731515,100,502.280375
520.667126,100,502.548405
524.114409,100,502.729173
489.706555,100,502.886109
513.055216,100,503.032987
507.330147,100,503.187976
523.711,100,503.344252
497.262141,100,503.487945
510.792754,100,503.625937
461.965088,100,512.551093
520.206171,100,512.74472
516.111912,100,512.896569
479.294329,100,513.040426
513.724793,100,513.196205
526.672423,100,513.354252
520.226874,100,513.493442
420.403365,100,513.630051
523.332922,100,513.77166
510.06293,100,513.914346
501.691125,100,522.875865
505.808977,100,523.017
521.538855,100,523.176031
521.982867,100,523.327736
523.558014,100,523.468972
498.808027,100,523.606474
524.697657,100,523.746479
409.528995,100,523.892194
522.579821,100,524.034525
444.785622,100,524.189342
472.241227,100,533.299045
470.500333,100,533.446932
503.467567,100,533.588745
516.056845,100,533.732525
517.115143,100,533.879653
524.350519,100,534.022239
499.492464,100,534.168317
525.049326,100,534.337906
526.074116,100,534.589784
521.725903,100,534.763305
499.193194,100,543.685521
518.617039,100,543.833988
523.823464,100,543.978295
500.635453,100,544.126539
522.506857,100,544.27619
512.699871,100,544.517442
405.937016,100,544.698233
506.207349,100,544.851266
523.412462,100,545.00421
509.742635,100,545.151884
425.865921,100,553.789556
524.365611,100,553.93477
506.098022,100,554.083411
527.005808,100,554.231462
491.639766,100,554.453427
500.05275,100,554.696329
500.664626,100,554.84137
517.480591,100,554.989516
485.37161,100,555.158567
518.879962,100,555.320494
516.125236,100,564.04365
523.807398,100,564.192022
526.150554,100,564.379859
501.427889,100,564.577867
519.592477,100,564.750745
523.280258,100,564.902922
523.959162,100,565.057049
514.037462,100,565.213184
524.029655,100,565.368295
524.414802,100,565.510924
525.311174,100,574.129558
525.324019,100,574.282132
516.389234,100,574.51236
512.616371,100,574.697788
523.025127,100,574.847025
494.861784,100,574.995056
523.881274,100,575.145051
524.990536,100,575.307092
461.777074,100,575.450917
509.361605,100,575.594719
524.55347,100,584.224749
512.706341,100,584.45738
523.657614,100,584.632999
521.781352,100,584.77682
519.876085,100,584.92014
494.323074,100,585.063294
525.39614,100,585.219157
509.86883,100,585.361689
493.024451,100,585.505409
520.781628,100,585.651545
450.854035,100,594.384691
527.380008,100,594.573061
523.445647,100,594.736458
523.111649,100,594.877162
518.236222,100,595.015914
494.187713,100,595.155949
507.80235,100,595.316725
523.63174,100,595.459962
505.95299,100,595.599506
515.09814,100,595.743035
502.092386,100,604.238985
518.101969,100,604.465894
511.439839,100,604.698292
510.828883,100,604.847841
517.481821,100,604.994708
450.349422,100,605.142293
511.775857,100,605.30792
525.277018,100,605.449117
458.646807,100,605.58838
515.205515,100,605.735746
499.518174,100,614.78807
510.086319,100,614.941148
518.640542,100,615.084551
517.168849,100,615.264171
518.077229,100,615.416857
525.193527,100,615.558561
457.859917,100,615.700762
525.13356,100,615.847889
526.469142,100,615.994489
508.836201,100,616.142023
516.769124,100,625.026108
497.079713,100,625.185518
505.967612,100,625.35388
459.762588,100,625.508292
509.484429,100,625.65822
517.148874,100,625.810024
521.898249,100,625.953517
526.016225,100,626.098186
500.750477,100,626.252501
515.9154,100,626.496051
523.636279,100,635.28465
523.28983,100,635.431419
514.361341,100,635.572072
518.491345,100,635.714483
518.760586,100,635.855103
524.932012,100,636.000995
469.3153,100,636.14783
508.552698,100,636.300999
521.834949,100,636.536555
518.235634,100,636.712037
520.961177,100,645.701236
499.125792,100,645.850446
491.352558,100,645.990665
509.438723,100,646.137829
523.501603,100,646.28774
520.201922,100,646.531348
517.98627,100,646.708126
473.875062,100,646.856304
517.829225,100,647.009716
467.462316,100,647.176235
