#{"t_start": 1784471920.5283873, "env_id": "None"}
r,l,t
141.319163,100,1.591108
232.277717,100,1.799911
89.217764,100,2.024072
245.615295,100,2.187844
231.253385,100,2.362873
137.25488,100,2.519424
184.162118,100,2.671175
82.410574,100,2.834941
191.369537,100,2.999201
181.188686,100,3.147855
118.461708,100,15.191515
126.274154,100,15.521111
171.860028,100,15.850072
137.10945,100,16.199437
155.108769,100,16.479404
116.177652,100,16.760677
92.441226,100,17.090882
281.882491,100,17.411283
68.92723,100,17.75691
113.732603,100,18.110739
88.819684,100,30.163955
140.251276,100,30.319551
249.45575,100,30.480171
126.704847,100,30.631606
131.690668,100,30.793222
212.803555,100,30.947246
142.993566,100,31.113767
82.197707,100,31.281358
200.903889,100,31.447399
146.869869,100,31.64849
218.610784,100,41.445145
118.466638,100,41.59183
183.888318,100,41.739961
158.472048,100,41.888913
126.488213,100,42.035444
242.490657,100,42.181784
88.157984,100,42.324543
54.06104,100,42.465939
121.349419,100,42.611932
198.43655,100,42.762677
121.882349,100,53.692944
169.605698,100,53.901893
271.070944,100,54.095015
126.782647,100,54.30682
240.330259,100,54.539314
247.733501,100,54.743239
274.389991,100,54.934994
118.057755,100,55.112867
280.224334,100,55.295233
282.456529,100,55.478355
228.836598,100,68.352407
118.247998,100,68.568182
93.100314,100,68.775953
253.591965,100,69.069691
145.412568,100,69.306973
82.296428,100,69.503717
143.436894,100,69.69036
111.203639,100,69.878997
273.778458,100,70.073798
117.438277,100,70.265569
145.755232,100,80.149029
279.663116,100,80.294235
108.248651,100,80.441329
235.908444,100,80.603303
161.278852,100,80.775217
186.463004,100,80.97713
223.624535,100,81.25725
257.773127,100,81.424232
157.935947,100,81.586787
255.228111,100,81.767715
195.362115,100,91.051448
253.84964,100,91.29266
128.675926,100,91.444361
75.925683,100,91.590965
252.999069,100,91.741048
233.531209,100,91.908229
308.113004,100,92.054094
275.914423,100,92.192797
145.59082,100,92.33413
147.350376,100,92.487485
169.918233,100,102.699782
74.224871,100,102.8613
234.96027,100,103.023058
217.754164,100,103.282652
116.518329,100,103.4607
129.65012,100,103.636008
216.23217,100,103.815792
72.587409,100,103.975574
244.508851,100,104.144531
100.637424,100,104.331342
136.580075,100,119.088739
159.655993,100,119.32096
243.6756,100,119.459463
297.305593,100,119.62321
191.456262,100,119.78889
141.114959,100,119.942345
119.931787,100,120.098789
140.203785,100,120.260564
133.5488,100,120.433212
236.905236,100,120.59623
226.866987,100,131.913607
109.581564,100,132.0721
111.069205,100,132.234826
355.262964,100,132.404073
164.702614,100,132.55064
182.441905,100,132.702888
321.071869,100,132.885055
99.05683,100,133.047917
129.008047,100,133.311347
228.437421,100,133.453959
242.004423,100,144.97089
209.510962,100,145.213169
145.162539,100,145.399342
152.598124,100,145.569664
186.53618,100,145.735684
159.737101,100,145.893901
364.234158,100,146.063268
124.419233,100,146.234616
118.912702,100,146.395547
251.390964,100,146.544264
291.622252,100,158.704753
280.196371,100,158.861792
288.748647,100,159.02277
248.120803,100,159.273444
245.807909,100,159.446759
317.407421,100,159.631997
164.817806,100,159.787949
217.380609,100,159.947713
375.790194,100,160.113157
221.195565,100,160.264511
199.919566,100,171.896658
248.937241,100,172.046504
340.459074,100,172.192609
132.694736,100,172.348589
200.333099,100,172.516984
225.942466,100,172.683585
316.27493,100,172.844605
142.44544,100,173.000332
148.385349,100,173.157169
278.669077,100,173.335571
191.634111,100,184.137556
216.908772,100,184.29691
158.288674,100,184.453752
221.378752,100,184.621283
254.470729,100,184.783115
190.08449,100,184.950678
100.79666,100,185.103708
180.755499,100,185.260462
219.239241,100,185.52306
138.749013,100,185.689082
347.807536,100,198.27589
277.392738,100,198.445258
287.643939,100,198.599999
195.739003,100,198.751892
158.357438,100,198.906655
155.162069,100,199.059025
135.162099,100,199.219534
151.45776,100,199.373947
313.734139,100,199.538199
309.158368,100,199.690104
291.298045,100,212.413678
165.769172,100,212.584883
285.34053,100,212.757206
215.73989,100,212.946347
261.397606,100,213.133019
307.558194,100,213.308189
150.129402,100,213.497792
95.088502,100,213.687348
135.479285,100,213.912933
180.587672,100,214.163104
165.427256,100,226.720797
95.27914,100,226.913117
165.625794,100,227.092175
161.30146,100,227.272982
145.799876,100,227.463684
302.859244,100,227.65646
168.679933,100,227.844032
393.10998,100,228.026911
128.258979,100,228.197227
197.839221,100,228.501055
235.141775,100,239.241219
327.932705,100,239.379823
326.825629,100,239.525893
173.579727,100,239.672898
138.772507,100,239.822264
355.318206,100,240.085904
309.335095,100,240.24113
165.376944,100,240.432203
295.403564,100,240.592501
166.823807,100,240.754163
263.436283,100,251.708217
298.257238,100,251.849052
160.431487,100,251.996309
305.197284,100,252.141277
160.012093,100,252.281266
175.632346,100,252.431573
266.697372,100,252.583574
205.218481,100,252.871014
280.84326,100,253.076634
309.133963,100,253.282128
186.705046,100,265.259825
337.453376,100,265.422723
113.043815,100,265.585337
328.79347,100,265.751698
299.342186,100,265.916274
212.116603,100,266.083891
351.444315,100,266.251177
219.587584,100,266.427773
194.901291,100,266.648962
251.159488,100,266.890408
205.571272,100,277.994107
250.229782,100,278.200533
159.57402,100,278.39796
271.253541,100,278.577003
196.201139,100,278.756252
184.44215,100,278.932856
158.561733,100,279.113116
287.293985,100,279.272176
130.493767,100,279.446268
209.648233,100,279.628055
237.867335,100,303.999785
322.098819,100,304.155454
209.43624,100,304.299006
148.295646,100,304.534803
290.123292,100,304.717479
267.096913,100,304.862794
225.433538,100,305.006537
289.42873,100,305.147343
165.141096,100,305.312964
323.580239,100,305.454142
344.961345,100,316.465838
406.300256,100,316.625876
169.460692,100,316.916011
318.640173,100,317.078906
178.849556,100,317.261012
198.697737,100,317.417937
198.207542,100,317.557671
176.300414,100,317.702854
344.403552,100,317.872528
307.883354,100,318.067965
320.290894,100,329.637744
254.262668,100,329.784123
291.914002,100,329.945813
136.379651,100,330.09525
284.804864,100,330.267688
167.403,100,330.434525
361.296616,100,330.594938
147.822935,100,330.828405
259.106309,100,331.035338
140.289888,100,331.223908
223.175337,100,342.879452
339.642841,100,343.037104
338.017744,100,343.180518
331.398109,100,343.328935
186.551838,100,343.582991
308.570535,100,343.76782
165.179471,100,343.950967
252.587322,100,344.10228
380.320771,100,344.254191
340.210939,100,344.405741
271.039625,100,355.930704
324.52066,100,356.107255
381.49333,100,356.263128
281.921261,100,356.417075
261.390071,100,356.572052
181.754794,100,356.720414
190.730942,100,356.871932
196.266548,100,357.024157
250.331411,100,357.176294
147.330842,100,357.324954
187.168159,100,369.065525
313.606751,100,369.227563
193.355757,100,369.374691
285.667967,100,369.618575
126.447845,100,369.782436
325.265788,100,369.938037
153.883023,100,370.079876
163.993717,100,370.224762
355.025766,100,370.377099
196.785019,100,370.531149
268.997332,100,383.016426
312.738215,100,383.178289
230.564309,100,383.360731
382.73174,100,383.523017
228.773127,100,383.677918
245.093448,100,383.837457
216.02391,100,383.993608
270.632348,100,384.163129
164.599298,100,384.31408
179.795221,100,384.464176
134.4861,100,395.496832
380.173088,100,395.655067
313.339824,100,395.799482
160.453372,100,395.961336
352.542609,100,396.120255
191.335354,100,396.272908
195.880474,100,396.479714
190.308698,100,396.722275
253.796804,100,396.894551
350.416388,100,397.055559
299.431435,100,407.524511
169.500613,100,407.681262
205.749276,100,407.84425
308.486112,100,408.007439
319.630196,100,408.186108
186.898072,100,408.349069
168.265314,100,408.510106
142.338514,100,408.680094
336.768803,100,408.942221
195.878423,100,409.122854
316.748485,100,420.320243
327.469951,100,420.471275
176.551642,100,420.613823
236.564522,100,420.782065
260.71301,100,420.933399
348.688619,100,421.107746
205.40183,100,421.365243
272.667768,100,421.53074
190.02355,100,421.700871
195.645902,100,421.849079
282.616366,100,434.926061
160.251428,100,435.251241
191.717264,100,435.572628
234.598526,100,435.892031
202.460429,100,436.215643
261.687644,100,436.541068
383.255831,100,436.838528
270.111647,100,437.156626
204.069764,100,437.472494
227.348201,100,437.799895
219.901446,100,451.403196
282.756567,100,451.575533
286.063676,100,451.749127
262.682632,100,451.919818
371.30024,100,452.09078
358.30425,100,452.28671
277.122551,100,452.528831
337.283421,100,452.752235
263.844008,100,452.95283
217.983064,100,453.123129
392.77322,100,466.245894
283.807472,100,466.419945
362.440051,100,466.579023
334.482381,100,466.738896
160.982246,100,466.895223
317.140032,100,467.050854
358.039111,100,467.317102
319.039711,100,467.480467
197.747698,100,467.666074
341.746122,100,467.836214
184.184863,100,478.637655
344.732075,100,478.78457
185.379702,100,478.94171
156.580937,100,479.122929
309.767252,100,479.374126
185.351266,100,479.529243
371.010392,100,479.712579
322.554181,100,479.872196
260.273756,100,480.02377
430.901971,100,480.166801
360.518798,100,491.014986
301.455301,100,491.173802
238.116093,100,491.447584
187.643131,100,491.611261
166.523463,100,491.800995
343.444863,100,492.009036
229.535554,100,492.187789
283.76784,100,492.363283
341.031064,100,492.545797
345.319933,100,492.736547
319.756988,100,503.416107
200.735701,100,503.57421
186.112428,100,503.74087
151.692488,100,503.899882
366.040967,100,504.066322
345.201745,100,504.220506
201.850592,100,504.435925
186.283585,100,504.655954
367.900454,100,504.82547
353.670129,100,505.005946
369.983443,100,515.765471
229.24528,100,515.978903
363.790307,100,516.173882
348.805541,100,516.349249
264.613741,100,516.526717
299.614324,100,516.712162
159.937994,100,516.892017
259.329287,100,517.068126
163.731005,100,517.259291
318.812611,100,517.461012
344.32421,100,528.107022
282.500957,100,528.268989
217.36875,100,528.423671
215.745156,100,528.575957
191.767847,100,528.737011
381.428429,100,528.918354
239.178533,100,529.173353
366.062567,100,529.34623
372.104175,100,529.513839
140.967688,100,529.665815
360.381186,100,540.076432
318.796664,100,540.240191
155.235119,100,540.446515
355.126163,100,540.685466
393.659414,100,540.836927
248.309229,100,541.014247
206.858754,100,541.178301
262.381136,100,541.333192
323.315635,100,541.484163
205.018656,100,541.633523
161.765884,100,552.482077
221.007728,100,552.685027
210.771572,100,552.874301
89.065331,100,553.064785
222.183888,100,553.250712
259.684266,100,553.448997
381.80716,100,553.642047
216.447949,100,553.855352
264.125341,100,554.028109
394.700379,100,554.206609
199.901001,100,565.889084
352.569793,100,566.091819
246.195454,100,566.251396
316.636657,100,566.411089
400.035279,100,566.585259
411.913883,100,566.759735
234.450709,100,566.94765
176.323062,100,567.110074
246.957425,100,567.297187
174.574034,100,567.501081
215.186756,100,578.423278
227.560522,100,578.577751
236.67538,100,578.744681
203.718314,100,578.925929
209.12677,100,579.105277
214.53908,100,579.258633
409.936368,100,579.412988
235.199665,100,579.575972
394.507967,100,579.73915
405.133908,100,579.917521
365.143679,100,591.400636
397.370291,100,591.730163
264.320605,100,592.056045
378.126134,100,592.36122
340.064255,100,592.680856
231.679551,100,592.963823
387.887375,100,593.240053
213.282972,100,593.549649
400.842494,100,593.881244
190.832004,100,594.218733
360.657769,100,605.747674
224.321079,100,605.907946
320.385217,100,606.081924
331.223358,100,606.260112
356.391991,100,606.416311
147.668822,100,606.579248
228.258807,100,606.740017
195.244504,100,606.906593
159.432452,100,607.131864
374.252718,100,607.348854
302.774076,100,619.004687
257.347838,100,619.169169
243.854006,100,619.325577
213.225162,100,619.523504
243.915004,100,619.751714
284.338397,100,619.932844
182.064742,100,620.099333
162.129226,100,620.249104
265.903018,100,620.412763
325.357613,100,620.578049
220.527073,100,632.571252
185.464979,100,632.740737
415.947351,100,632.90948
231.094658,100,633.083971
226.529945,100,633.255982
205.153145,100,633.406571
237.690762,100,633.564252
307.535701,100,633.719456
363.255109,100,633.945574
290.200788,100,634.146063
232.630031,100,645.380356
333.962237,100,645.575389
248.959563,100,645.769684
352.845723,100,645.978415
116.917307,100,646.181117
205.546874,100,646.377699
91.041405,100,646.588246
391.182088,100,646.902103
358.156564,100,647.078514
342.554968,100,647.252247
187.12089,100,658.514019
283.644906,100,658.700496
243.013346,100,658.8949
222.008828,100,659.123653
191.881122,100,659.330808
391.434017,100,659.49605
237.361774,100,659.674202
421.949093,100,659.84687
266.211579,100,660.018328
191.968432,100,660.186007
247.154953,100,670.976332
364.287961,100,671.239619
390.867382,100,671.405905
212.901461,100,671.605211
233.70013,100,671.807943
239.329451,100,671.997274
247.95516,100,672.189931
385.593228,100,672.371092
282.259567,100,672.533126
433.260715,100,672.718417
335.261925,100,684.049907
162.007494,100,684.240206
374.064909,100,684.413884
256.395338,100,684.581215
317.345879,100,684.753052
289.108311,100,684.920532
298.972458,100,685.102236
252.742507,100,685.276462
393.186631,100,685.541877
251.864154,100,685.714241
361.014487,100,698.509313
186.724031,100,698.848578
335.943847,100,699.180191
404.052359,100,699.52229
195.237346,100,699.813736
341.032272,100,700.118742
407.484074,100,700.448114
261.56112,100,700.779461
254.700889,100,701.115034
239.218189,100,701.444999
350.674449,100,713.334101
279.309492,100,713.575769
354.819544,100,713.792155
393.294686,100,713.970453
393.113944,100,714.155217
347.575072,100,714.310314
197.266158,100,714.462258
310.871483,100,714.628644
405.367159,100,714.793203
358.401831,100,714.953147
199.616117,100,725.793807
254.884248,100,725.959039
238.51916,100,726.133424
191.366581,100,726.298529
288.620559,100,726.484211
348.699067,100,726.656735
399.48882,100,726.815828
337.396366,100,726.974271
229.391302,100,727.136095
361.318573,100,727.290527
259.121856,100,738.775445
418.321011,100,738.943947
233.924277,100,739.10743
368.347325,100,739.262783
313.748483,100,739.412352
375.619585,100,739.564481
387.249718,100,739.718955
365.262415,100,739.880577
261.533304,100,740.051833
329.367797,100,740.214047
202.137339,100,751.187809
340.246457,100,751.36167
366.314064,100,751.581601
323.777463,100,751.793246
383.312999,100,751.985654
276.13186,100,752.164961
327.524657,100,752.333333
190.70691,100,752.517643
370.259632,100,752.816511
273.817583,100,752.993963
345.031547,100,765.162333
201.061613,100,765.318686
402.823654,100,765.493533
261.323701,100,765.647336
174.921111,100,765.800535
296.238374,100,765.962589
158.639801,100,766.162675
382.975919,100,766.374964
260.959182,100,766.573486
386.845885,100,766.794031
209.909231,100,787.401349
224.446479,100,787.755922
455.911294,100,788.012994
452.825822,100,788.205005
326.167618,100,788.366304
204.686018,100,788.528834
396.599144,100,788.700616
406.337861,100,788.970337
369.697921,100,789.141943
325.085186,100,789.297025
370.121841,100,799.695328
243.234107,100,799.954598
395.041145,100,800.102143
404.065398,100,800.266363
253.215935,100,800.418601
423.962483,100,800.567453
319.856254,100,800.715103
363.795776,100,800.866073
138.384486,100,801.026259
306.680553,100,801.18246
426.803832,100,811.872733
237.216207,100,812.04413
382.672009,100,812.204263
250.876426,100,812.372179
339.221493,100,812.532556
381.691873,100,812.819317
245.635869,100,812.983793
370.111909,100,813.175509
336.415433,100,813.333966
263.885281,100,813.487268
281.985882,100,824.236423
184.400415,100,824.394202
173.313488,100,824.575327
340.53222,100,824.745104
258.322202,100,824.900932
395.908405,100,825.055806
281.655137,100,825.207618
195.675841,100,825.359573
245.444557,100,825.521131
403.183864,100,825.684149
392.125685,100,837.838308
304.710971,100,838.065801
233.882257,100,838.2922
339.332005,100,838.463223
242.503676,100,838.619005
364.734311,100,838.798181
306.631453,100,838.955716
292.767672,100,839.105212
214.587761,100,839.254198
245.858268,100,839.401534
231.6584,100,849.594349
330.831095,100,849.747669
321.747559,100,849.900589
326.188326,100,850.121098
225.787452,100,850.344154
331.467831,100,850.523147
411.851763,100,850.671505
418.578901,100,850.828849
331.753133,100,850.98358
252.396554,100,851.138501
254.917556,100,872.357916
362.801291,100,872.674134
320.55309,100,872.997985
236.070483,100,873.274958
257.775198,100,873.553898
325.733339,100,873.889582
308.332846,100,874.226883
169.356764,100,874.529269
309.43245,100,874.858643
267.722196,100,875.204677
228.420433,100,887.078698
382.895178,100,887.247681
219.127225,100,887.4252
215.517527,100,887.640306
320.613387,100,887.876579
366.2729,100,888.0832
359.597592,100,888.265555
261.659429,100,888.445022
228.28331,100,888.609126
227.589343,100,888.780903
207.962543,100,899.409788
201.155839,100,899.571713
112.817957,100,899.737022
370.990878,100,899.906933
312.786433,100,900.102446
247.03975,100,900.35986
207.849071,100,900.546513
312.376154,100,900.736467
252.504547,100,900.901835
375.355508,100,901.065469
296.631657,100,911.980024
425.741038,100,912.127494
297.958044,100,912.277634
340.802661,100,912.432889
232.406102,100,912.591952
321.068336,100,912.751903
223.166816,100,912.982195
338.890443,100,913.213643
307.563785,100,913.370637
374.69762,100,913.556659
409.891783,100,924.585475
341.601278,100,924.764446
154.522485,100,924.960482
203.361124,100,925.151209
360.575545,100,925.356277
223.048871,100,925.526832
387.921663,100,925.693613
206.426975,100,925.860448
252.526176,100,926.043453
244.219791,100,926.210711
335.481573,100,937.275642
297.930531,100,937.426242
403.270882,100,937.569697
394.650692,100,937.718778
280.046124,100,937.89419
430.953701,100,938.105003
204.377921,100,938.279006
230.289803,100,938.434183
399.256567,100,938.581203
220.702966,100,938.734334
313.954949,100,949.679152
412.157599,100,949.835321
236.461695,100,949.991287
263.704591,100,950.143256
193.00081,100,950.298988
219.701378,100,950.452137
376.489567,100,950.628196
273.371888,100,950.789451
250.47556,100,951.024003
290.027869,100,951.216122
256.636759,100,961.441483
304.868127,100,961.58955
221.343257,100,961.737784
361.728596,100,961.898832
340.190338,100,962.080779
202.052156,100,962.245299
249.202062,100,962.507339
243.207133,100,962.663855
296.729454,100,962.834709
201.086372,100,962.996423
466.589742,100,972.962455
390.815863,100,973.13131
244.533721,100,973.302102
314.150957,100,973.476931
281.263226,100,973.668687
384.751379,100,973.876271
249.699436,100,974.139599
286.115069,100,974.327702
225.896529,100,974.521112
384.340559,100,974.69628
278.337589,100,986.136119
297.12209,100,986.300673
315.084305,100,986.463527
302.848204,100,986.62514
192.713065,100,986.791267
321.25731,100,986.960279
268.487809,100,987.13004
392.568254,100,987.303029
441.823059,100,987.476873
318.16052,100,987.648005
241.402312,100,1008.963341
219.880615,100,1009.10486
407.472109,100,1009.245738
272.671006,100,1009.383882
316.744263,100,1009.522051
231.605825,100,1009.663851
291.667011,100,1009.816296
337.148796,100,1009.965934
317.864086,100,1010.113979
270.771135,100,1010.364192
434.620878,100,1022.594197
373.056209,100,1022.78033
363.991961,100,1023.068106
353.222747,100,1023.237609
330.871194,100,1023.424548
302.670105,100,1023.58223
418.890607,100,1023.740906
410.071254,100,1023.903716
247.533851,100,1024.069223
370.29586,100,1024.228675
303.400258,100,1038.890621
456.806758,100,1039.064243
298.061526,100,1039.224612
457.098128,100,1039.494824
303.359752,100,1039.656521
427.183481,100,1039.857473
357.154529,100,1040.012931
300.937429,100,1040.175562
412.007596,100,1040.34891
256.876858,100,1040.505489
342.895322,100,1051.653405
266.807273,100,1051.798805
355.981832,100,1051.948249
393.641467,100,1052.09277
237.902203,100,1052.234458
409.360203,100,1052.379186
334.504902,100,1052.531753
250.007857,100,1052.689887
234.827479,100,1052.923466
248.751194,100,1053.129925
230.587099,100,1064.063309
354.969723,100,1064.240688
383.318446,100,1064.411924
415.710663,100,1064.59228
380.195859,100,1064.780005
418.237236,100,1065.084102
319.773702,100,1065.306978
348.159014,100,1065.514653
424.437522,100,1065.694063
287.637473,100,1065.87893
415.723692,100,1077.696624
387.915198,100,1077.8729
230.099947,100,1078.044161
371.647632,100,1078.212445
454.345274,100,1078.367545
231.314092,100,1078.525025
399.375911,100,1078.669851
306.509585,100,1078.858864
272.560615,100,1079.088091
327.978001,100,1079.261687
298.961981,100,1090.326005
428.717548,100,1090.475325
274.26388,100,1090.648307
318.273709,100,1090.814832
362.841159,100,1090.965917
323.702023,100,1091.119847
314.9009,100,1091.267881
227.569182,100,1091.416962
400.836205,100,1091.568279
404.614929,100,1091.721022
284.324833,100,1101.999357
226.557263,100,1102.186226
236.084302,100,1102.357634
294.969714,100,1102.538311
352.354052,100,1102.707505
382.26831,100,1102.870504
378.033213,100,1103.023729
179.952713,100,1103.167637
284.275787,100,1103.322024
216.560576,100,1103.470522
418.828973,100,1115.05514
395.305974,100,1115.204232
327.608106,100,1115.349667
311.851251,100,1115.491806
414.56617,100,1115.646157
338.979513,100,1115.809542
446.077418,100,1115.991555
337.170205,100,1116.264928
391.191189,100,1116.432921
286.20099,100,1116.582768
254.969476,100,1126.504005
313.190085,100,1126.655828
311.847394,100,1126.806175
236.439222,100,1126.962226
358.162877,100,1127.119224
242.264396,100,1127.266657
389.130302,100,1127.426215
357.221139,100,1127.671674
468.448268,100,1127.87963
291.347547,100,1128.062109
404.346768,100,1140.751627
380.504403,100,1141.061484
247.40231,100,1141.336514
359.410565,100,1141.623182
238.579117,100,1141.901628
256.75577,100,1142.17939
251.563523,100,1142.437391
258.722515,100,1142.703825
228.799175,100,1142.99498
326.196235,100,1143.205678
433.866178,100,1153.830506
342.782142,100,1153.996948
221.649834,100,1154.196179
455.462107,100,1154.353471
398.814426,100,1154.509263
339.743759,100,1154.672076
385.537218,100,1154.847099
389.270947,100,1155.124264
202.702494,100,1155.29374
256.524563,100,1155.48419
355.76916,100,1166.510938
288.786186,100,1166.651842
289.768131,100,1166.806386
364.273447,100,1166.956831
382.469831,100,1167.118765
250.001977,100,1167.265055
200.107764,100,1167.407152
223.244388,100,1167.547269
269.61403,100,1167.759569
322.925258,100,1167.982276
263.693708,100,1178.318372
305.044356,100,1178.528979
380.324285,100,1178.696736
289.587596,100,1178.852214
352.827154,100,1179.001081
314.347362,100,1179.167966
358.080262,100,1179.343655
255.270936,100,1179.500329
233.593629,100,1179.660828
386.301763,100,1179.810215
295.975793,100,1190.215865
361.194128,100,1190.362986
211.014062,100,1190.504313
339.126057,100,1190.650096
268.197512,100,1190.800829
231.41451,100,1191.082298
370.301769,100,1191.229242
369.406452,100,1191.400356
277.506082,100,1191.558887
224.110114,100,1191.704347
238.216182,100,1202.099786
385.005115,100,1202.270312
419.735019,100,1202.425777
370.648259,100,1202.572602
436.616824,100,1202.725136
427.320419,100,1202.874977
386.636287,100,1203.030653
360.518039,100,1203.176217
217.923577,100,1203.316593
268.348238,100,1203.458019
216.007541,100,1214.498746
175.010855,100,1214.651105
277.26442,100,1214.84709
306.295267,100,1215.005455
191.368377,100,1215.167056
246.870437,100,1215.331311
305.385622,100,1215.479046
367.508745,100,1215.628836
370.125963,100,1215.779675
429.232935,100,1215.939962
420.401811,100,1226.027453
270.693532,100,1226.186602
293.046448,100,1226.355677
415.106564,100,1226.619047
289.180448,100,1226.775161
367.135761,100,1226.95076
214.417069,100,1227.130595
231.624645,100,1227.278507
377.296237,100,1227.428044
406.880025,100,1227.579236
289.985545,100,1237.838599
437.225974,100,1238.002927
306.742867,100,1238.20052
425.601711,100,1238.353156
384.603353,100,1238.51353
245.372432,100,1238.658494
355.934179,100,1238.812442
243.101038,100,1238.972717
247.277661,100,1239.137477
427.743159,100,1239.291955
423.325422,100,1249.979453
435.633904,100,1250.288601
360.245934,100,1250.60782
332.843753,100,1250.930505
401.680221,100,1251.251821
387.377723,100,1251.438172
301.331723,100,1251.601912
296.63667,100,1251.769727
224.759477,100,1251.931816
200.413917,100,1252.084311
445.412044,100,1262.813017
239.747275,100,1263.088676
240.435152,100,1263.396254
419.586207,100,1263.717144
381.297671,100,1264.049537
311.239176,100,1264.365852
251.799299,100,1264.69261
218.359309,100,1265.031408
359.359233,100,1265.305901
359.402952,100,1265.612312
463.032169,100,1289.366117
243.750883,100,1289.549574
312.983107,100,1289.72175
419.066648,100,1289.897176
350.960733,100,1290.057799
396.598095,100,1290.220774
223.103567,100,1290.423842
239.680417,100,1290.629918
244.272669,100,1290.811324
454.697508,100,1290.976535
455.724152,100,1302.583558
281.103798,100,1302.81852
341.712955,100,1302.992692
318.277883,100,1303.141436
204.345861,100,1303.291203
410.472424,100,1303.45173
240.582542,100,1303.622173
223.30676,100,1303.775826
369.369343,100,1303.935192
292.433734,100,1304.090059
267.435482,100,1314.391024
301.421139,100,1314.62729
342.011341,100,1314.882869
269.279578,100,1315.124611
305.944396,100,1315.352425
406.469101,100,1315.583617
460.370631,100,1315.782547
350.582463,100,1316.01287
432.909213,100,1316.221815
272.658457,100,1316.417005
355.950476,100,1327.094714
265.066185,100,1327.236341
270.279618,100,1327.386853
224.808792,100,1327.549553
412.709798,100,1327.703911
352.172625,100,1327.846275
268.72084,100,1328.015752
326.207632,100,1328.175238
233.468196,100,1328.322365
262.488163,100,1328.476772
222.364745,100,1338.708476
323.539414,100,1338.953893
307.179244,100,1339.15636
369.508904,100,1339.360018
250.022838,100,1339.573184
368.992861,100,1339.778162
270.181112,100,1339.996221
257.631459,100,1340.212758
365.386352,100,1340.419688
292.376099,100,1340.67735
269.898434,100,1350.639707
352.448267,100,1350.844208
217.724862,100,1351.013423
241.199173,100,1351.175873
313.558613,100,1351.332008
227.344593,100,1351.498876
467.807505,100,1351.646125
312.019518,100,1351.790071
354.062261,100,1351.937508
362.569832,100,1352.087996
223.619514,100,1362.229271
398.784127,100,1362.384962
239.851945,100,1362.546505
406.841401,100,1362.712864
332.621464,100,1362.979604
200.650837,100,1363.165624
382.354537,100,1363.324739
313.345649,100,1363.512092
264.561746,100,1363.674644
182.01387,100,1363.840667
241.184047,100,1374.429504
301.974966,100,1374.599748
282.962599,100,1374.742097
336.765865,100,1374.893614
248.064288,100,1375.037483
300.465581,100,1375.184789
249.676062,100,1375.333295
289.723361,100,1375.489453
364.627142,100,1375.643549
417.122278,100,1375.797769
462.884233,100,1387.696629
224.992373,100,1388.044135
396.28283,100,1388.378858
305.302126,100,1388.704129
299.450763,100,1388.987973
341.50029,100,1389.237233
361.518319,100,1389.548191
344.011033,100,1389.862987
302.870623,100,1390.163855
219.061472,100,1390.461573
232.868841,100,1401.971445
255.740035,100,1402.166317
241.116096,100,1402.348222
290.96852,100,1402.533969
371.819498,100,1402.724936
414.319041,100,1402.952778
254.32183,100,1403.217788
260.870168,100,1403.432588
235.282571,100,1403.621036
287.604587,100,1403.815202
357.278373,100,1414.543498
389.736253,100,1414.699874
257.511189,100,1414.850157
279.750682,100,1415.090897
417.924515,100,1415.269725
359.235429,100,1415.420419
201.943502,100,1415.566839
251.010725,100,1415.724775
325.25921,100,1415.892585
350.379164,100,1416.048143
332.803005,100,1426.95164
315.289335,100,1427.09812
404.833029,100,1427.246969
258.683205,100,1427.3973
317.610509,100,1427.639161
276.143078,100,1427.841418
336.957403,100,1428.025181
385.291421,100,1428.193245
346.986048,100,1428.344677
403.502597,100,1428.495101
425.279678,100,1439.000729
274.367947,100,1439.17034
340.419507,100,1439.337799
240.001648,100,1439.497768
329.756969,100,1439.774527
174.981678,100,1439.943544
449.782193,100,1440.12825
254.785899,100,1440.273373
205.991343,100,1440.429046
429.585348,100,1440.593988
282.360822,100,1454.395482
194.06808,100,1454.733941
425.034942,100,1455.025471
306.308172,100,1455.36419
220.648083,100,1455.694354
229.706587,100,1456.024459
427.349212,100,1456.36148
438.820731,100,1456.706682
301.969653,100,1456.972027
436.716336,100,1457.237511
453.533259,100,1469.712325
355.554025,100,1469.954275
352.313057,100,1470.145164
266.864935,100,1470.328745
431.068049,100,1470.52123
442.615166,100,1470.691294
233.754377,100,1470.871629
419.200347,100,1471.063346
353.643869,100,1471.244271
266.758099,100,1471.433642
371.143398,100,1484.929457
277.160865,100,1485.122444
403.437669,100,1485.301485
468.971164,100,1485.46258
433.033245,100,1485.629171
304.565996,100,1485.801088
222.062246,100,1485.985778
309.49448,100,1486.156745
220.491821,100,1486.329519
377.788556,100,1486.511507
410.775873,100,1497.646023
349.840269,100,1497.800196
239.072534,100,1497.989321
215.924085,100,1498.159344
396.563871,100,1498.31516
436.934371,100,1498.481533
404.770376,100,1498.64029
366.495803,100,1498.918832
438.057615,100,1499.065608
282.538979,100,1499.234925
322.254141,100,1509.578808
435.086268,100,1509.747311
245.059922,100,1509.902235
380.077031,100,1510.059587
327.590426,100,1510.22605
212.17605,100,1510.506069
404.366646,100,1510.690231
416.697549,100,1510.857095
445.174436,100,1511.025287
287.404201,100,1511.177739
244.659127,100,1521.239541
308.976472,100,1521.48721
247.963775,100,1521.725969
324.981779,100,1521.945516
321.16323,100,1522.130944
432.350511,100,1522.313963
301.261982,100,1522.492661
277.323844,100,1522.668561
296.119496,100,1522.846254
208.548355,100,1523.028345
399.63184,100,1533.892454
481.891209,100,1534.055629
174.724399,100,1534.202084
244.025465,100,1534.348324
429.407261,100,1534.500793
418.017922,100,1534.664788
280.402968,100,1534.863707
346.034774,100,1535.114734
310.444372,100,1535.265274
423.577876,100,1535.455909
266.036889,100,1547.388011
378.776241,100,1547.568699
277.292949,100,1547.759482
403.290226,100,1547.974546
288.852039,100,1548.25155
329.407427,100,1548.471616
353.275406,100,1548.675188
422.652571,100,1548.852526
244.018019,100,1549.029524
442.225011,100,1549.211197
318.323723,100,1561.498032
454.461189,100,1561.654766
212.768056,100,1561.804448
354.655935,100,1561.96751
392.663693,100,1562.128932
329.596096,100,1562.336809
379.945479,100,1562.542531
314.512614,100,1562.717741
431.568591,100,1562.899738
378.974766,100,1563.053264
245.241263,100,1574.259579
281.658456,100,1574.410508
324.206363,100,1574.629597
318.293976,100,1574.872559
430.574948,100,1575.076239
246.797287,100,1575.273012
456.30474,100,1575.466119
267.887521,100,1575.674361
336.140429,100,1575.872513
211.974169,100,1576.064747
189.862961,100,1589.867125
290.855544,100,1590.03921
314.86309,100,1590.199211
272.371111,100,1590.351517
401.736442,100,1590.550323
431.544432,100,1590.823
292.703046,100,1590.989005
361.772563,100,1591.163814
394.433689,100,1591.316252
353.519087,100,1591.469679
402.64745,100,1602.015685
322.845375,100,1602.184173
310.39142,100,1602.335843
251.07487,100,1602.476357
332.686042,100,1602.633131
336.535954,100,1602.814724
278.686316,100,1602.978351
291.748714,100,1603.120736
304.915776,100,1603.260083
419.534009,100,1603.419263
416.346783,100,1615.358512
456.665345,100,1615.548984
398.169395,100,1615.725948
270.171871,100,1615.893257
313.685037,100,1616.070812
285.713125,100,1616.237053
339.603154,100,1616.406089
239.4178,100,1616.577322
387.373596,100,1616.765504
232.540119,100,1617.039012
236.239755,100,1628.465088
355.147298,100,1628.637163
408.106281,100,1628.786815
292.778856,100,1628.946857
333.615158,100,1629.112579
451.251791,100,1629.26022
250.471795,100,1629.471117
308.702069,100,1629.68725
228.433448,100,1629.870347
318.400598,100,1630.044705
314.456535,100,1641.716712
325.812914,100,1641.98813
318.649417,100,1642.152322
245.797699,100,1642.366307
300.506929,100,1642.538964
403.3664,100,1642.708486
351.788121,100,1642.88192
252.32673,100,1643.059569
253.702409,100,1643.22524
249.605776,100,1643.387658
242.386572,100,1654.816217
338.490758,100,1654.969039
340.121189,100,1655.169838
276.30504,100,1655.38815
247.537016,100,1655.558984
318.275316,100,1655.730213
445.156737,100,1655.89666
430.994186,100,1656.064369
442.175471,100,1656.233732
238.086824,100,1656.393427
417.139864,100,1671.087475
296.091423,100,1671.426556
398.168295,100,1671.77122
317.992268,100,1672.031917
205.745256,100,1672.353166
319.245927,100,1672.681523
422.393056,100,1673.006025
264.46758,100,1673.337461
432.701377,100,1673.671137
316.487232,100,1674.042415
305.412165,100,1.504438
418.27666,100,1.734609
243.887885,100,1.908947
402.563143,100,2.102426
407.537317,100,2.270044
256.234309,100,2.425594
386.203653,100,2.580394
254.790632,100,2.738057
360.813758,100,2.886589
404.662737,100,3.058127
260.450684,100,14.783977
239.818254,100,15.147109
374.012854,100,15.513974
262.614826,100,15.868824
315.076238,100,16.193487
337.38541,100,16.470795
282.899591,100,16.778723
436.73019,100,17.116367
253.165964,100,17.458168
266.834086,100,17.794534
209.756436,100,31.423057
318.714471,100,31.597786
445.846923,100,31.764625
276.145949,100,31.931773
292.697808,100,32.104173
342.219736,100,32.388469
260.199098,100,32.553921
298.289553,100,32.736811
359.051818,100,32.906601
349.066318,100,33.07363
363.955071,100,44.544432
253.283486,100,44.732507
351.887459,100,44.977351
358.427948,100,45.170924
311.978941,100,45.361128
405.872206,100,45.528125
245.151171,100,45.683148
192.491687,100,45.85808
236.826579,100,46.028158
368.021928,100,46.188949
257.446592,100,59.293746
287.498713,100,59.543337
415.868513,100,59.843904
234.549032,100,60.063632
387.50269,100,60.243613
381.048277,100,60.400306
450.527394,100,60.58511
315.17818,100,60.768913
452.978403,100,60.956217
475.305251,100,61.148873
400.143986,100,71.839761
285.345765,100,72.003524
171.134164,100,72.154822
402.813557,100,72.37631
243.249716,100,72.589309
233.150928,100,72.739561
296.854406,100,72.906727
306.919099,100,73.05704
451.3237,100,73.217236
207.790545,100,73.381453
297.865863,100,84.418913
395.357341,100,84.615538
287.371983,100,84.804066
344.303598,100,84.960749
327.304598,100,85.114993
322.588541,100,85.277967
332.339994,100,85.438339
382.331911,100,85.602453
330.477744,100,85.749328
396.796028,100,85.905388
390.656273,100,98.858286
415.744701,100,99.198001
294.646166,100,99.553416
205.959119,100,99.90483
445.14753,100,100.250725
405.530076,100,100.576623
414.67247,100,100.860829
431.476029,100,101.208406
335.677374,100,101.574148
273.589464,100,101.925828
325.577103,100,115.316959
183.031189,100,115.518866
385.088429,100,115.703175
365.293566,100,115.894953
196.003639,100,116.088608
278.4559,100,116.308176
359.882016,100,116.489418
225.783909,100,116.774774
390.533767,100,116.972548
255.153741,100,117.175646
246.017604,100,130.510547
279.656949,100,130.673526
364.097972,100,130.84727
463.798957,100,131.016371
344.055501,100,131.172719
274.787077,100,131.333799
257.527109,100,131.52617
313.513827,100,131.818177
299.447992,100,132.020799
430.551755,100,132.199022
370.287994,100,143.374405
280.16983,100,143.539771
254.319739,100,143.691819
484.642411,100,143.881028
307.707627,100,144.103336
281.059881,100,144.274996
428.194998,100,144.445374
175.232293,100,144.599757
276.112567,100,144.75766
388.580026,100,144.928351
370.461373,100,156.95615
328.161772,100,157.105712
302.674146,100,157.266399
283.883818,100,157.42494
355.599453,100,157.598932
277.812569,100,157.747923
500.865411,100,157.905421
285.268668,100,158.074605
241.512127,100,158.238353
346.607521,100,158.531762
420.909415,100,169.700881
419.887715,100,169.851612
408.929594,100,170.001941
412.115953,100,170.164687
348.618973,100,170.411964
417.008033,100,170.629102
332.660492,100,170.791605
304.645635,100,170.980717
483.057689,100,171.143247
353.180347,100,171.308636
330.432401,100,183.24698
367.825133,100,183.422896
457.860134,100,183.635335
228.816825,100,183.813372
330.063365,100,183.979735
370.072852,100,184.133819
451.342557,100,184.296984
256.555603,100,184.47243
230.278659,100,184.624806
416.425581,100,184.845325
291.691264,100,197.458855
292.858293,100,197.623651
306.618485,100,197.792637
314.198645,100,197.970624
349.312113,100,198.149223
325.816753,100,198.428741
198.837172,100,198.635666
311.244745,100,198.825369
290.295355,100,199.016336
242.289075,100,199.190913
503.619908,100,212.950856
368.464961,100,213.103496
426.041201,100,213.259054
319.814592,100,213.41275
288.033587,100,213.570697
219.459365,100,213.716234
268.382215,100,213.864597
260.58759,100,214.011918
444.90479,100,214.155344
442.325203,100,214.309965
412.173867,100,225.617779
246.729086,100,225.892869
434.952605,100,226.084171
322.92663,100,226.262525
388.270965,100,226.438508
424.136222,100,226.589166
283.171913,100,226.735914
217.931526,100,226.883627
210.633458,100,227.028449
288.050987,100,227.17457
253.168722,100,238.642503
209.47861,100,238.816832
278.977343,100,238.994234
242.245323,100,239.164381
243.303209,100,239.339661
428.696153,100,239.644645
306.70501,100,239.825133
492.85292,100,240.017506
233.231461,100,240.198573
279.644005,100,240.364887
355.282424,100,251.401027
444.352439,100,251.582871
419.890901,100,251.786146
293.510241,100,252.006083
216.009258,100,252.25197
451.786367,100,252.436399
387.251725,100,252.635488
298.556584,100,252.796549
379.666644,100,252.967702
260.974162,100,253.132193
374.094366,100,264.179517
407.400581,100,264.342501
269.183493,100,264.510289
433.604992,100,264.65443
285.413113,100,264.797179
294.990381,100,264.936549
389.13961,100,265.086463
281.874836,100,265.230742
379.653352,100,265.376194
408.902882,100,265.529814
288.520552,100,275.705748
431.906395,100,275.847083
212.064876,100,275.99724
459.339297,100,276.148662
410.005835,100,276.32805
253.792681,100,276.505988
428.553961,100,276.654075
334.895851,100,276.804529
306.725107,100,276.952088
354.797646,100,277.102065
306.004796,100,287.423164
370.735585,100,287.584539
273.246196,100,287.767008
359.992306,100,287.937008
315.921614,100,288.098457
273.189772,100,288.266852
310.582454,100,288.430786
361.374003,100,288.592284
220.914516,100,288.74314
359.369127,100,288.901807
315.070981,100,299.723012
401.240931,100,299.874257
310.72428,100,300.024009
257.451366,100,300.173296
405.789205,100,300.327799
341.976088,100,300.497459
316.023154,100,300.687233
363.213968,100,300.932826
256.485328,100,301.089851
404.33877,100,301.273116
430.109352,100,312.075674
500.849426,100,312.426303
296.893419,100,312.749234
425.559266,100,313.082884
284.051014,100,313.433697
308.481483,100,313.781384
274.283431,100,314.118922
270.077263,100,314.458923
441.801933,100,314.797709
364.606605,100,315.124778
451.760282,100,333.21578
324.333169,100,333.485833
395.087765,100,333.708389
243.140574,100,333.912729
367.651235,100,334.080745
269.28768,100,334.255023
451.218715,100,334.425793
260.455234,100,334.596509
322.819592,100,334.758537
263.746572,100,334.922944
307.172308,100,345.63396
443.95637,100,345.804
450.93846,100,345.969312
431.84739,100,346.21535
272.390739,100,346.427008
408.533936,100,346.597438
278.521928,100,346.776955
308.69281,100,346.930029
479.912177,100,347.078336
450.723757,100,347.242585
329.61598,100,358.329059
444.773901,100,358.495662
451.172476,100,358.661433
369.374773,100,358.825974
318.10248,100,358.990101
235.54858,100,359.155189
272.463301,100,359.332955
327.489389,100,359.512191
368.684785,100,359.691696
258.470166,100,359.934076
270.035997,100,371.287286
406.22314,100,371.447056
258.326263,100,371.64177
433.921007,100,371.792318
164.186503,100,371.944131
406.294381,100,372.097189
228.352702,100,372.247288
281.634923,100,372.404413
420.158329,100,372.555864
325.581047,100,372.704135
374.965164,100,383.308268
394.554255,100,383.485708
286.439548,100,383.723021
436.758455,100,384.057223
334.907767,100,384.391183
337.421803,100,384.720435
293.192182,100,385.073953
354.817408,100,385.429799
240.393756,100,385.76483
267.158456,100,386.096548
239.928017,100,407.179531
473.209053,100,407.388995
370.259289,100,407.646151
255.242302,100,407.816054
413.879786,100,408.00507
273.694926,100,408.177271
286.340232,100,408.35216
294.517216,100,408.529008
346.582868,100,408.695373
438.656957,100,408.869854
363.645864,100,421.035523
290.324523,100,421.225643
298.977685,100,421.407126
375.401689,100,421.586927
400.163381,100,421.758595
279.60827,100,421.933843
222.062016,100,422.101577
224.463184,100,422.373681
417.043652,100,422.57624
309.85186,100,422.768368
336.472692,100,434.276289
412.644242,100,434.464853
295.71157,100,434.664039
316.065283,100,434.832144
333.424421,100,435.008921
451.187026,100,435.181053
293.304347,100,435.36165
342.699436,100,435.549432
289.372648,100,435.718462
307.328162,100,435.884799
381.546029,100,446.576767
272.820924,100,446.734455
238.829798,100,446.897638
324.356995,100,447.077656
285.168415,100,447.24609
306.612986,100,447.428282
463.55866,100,447.660781
366.149458,100,447.885782
325.95194,100,448.084591
346.066798,100,448.279756
259.282407,100,460.117794
322.627167,100,460.418543
349.907422,100,460.599639
342.98417,100,460.785908
448.219193,100,460.968157
439.94993,100,461.14823
356.276903,100,461.346558
401.879724,100,461.53543
361.668991,100,461.722513
287.208855,100,461.920105
458.553794,100,473.663789
337.814213,100,473.907517
437.842453,100,474.079863
388.492347,100,474.24464
237.657562,100,474.42835
375.520669,100,474.58984
432.951771,100,474.742512
361.549123,100,474.894797
249.208999,100,475.053001
399.180832,100,475.209779
223.700221,100,485.74026
407.48654,100,485.926848
279.615486,100,486.118172
233.155698,100,486.309294
405.632407,100,486.517064
297.934591,100,486.737312
402.705086,100,487.034389
393.331222,100,487.244128
349.919804,100,487.424798
468.885316,100,487.605647
420.674789,100,499.768701
366.106936,100,500.007694
328.643104,100,500.172091
286.336884,100,500.359172
207.513824,100,500.511497
416.483072,100,500.65862
324.970055,100,500.800189
364.106573,100,500.940647
378.910577,100,501.091622
448.755505,100,501.239669
369.649278,100,512.549621
269.219988,100,512.81439
256.913225,100,513.046717
244.241526,100,513.244713
447.083245,100,513.437945
361.316834,100,513.644152
212.080252,100,513.842187
249.760028,100,514.027915
429.608661,100,514.204665
383.465253,100,514.396923
438.026861,100,526.428665
300.736703,100,526.603091
444.51519,100,526.874973
407.627216,100,527.044757
307.491892,100,527.241187
399.091025,100,527.433558
247.78998,100,527.625263
310.085266,100,527.790845
191.898373,100,527.958544
362.076119,100,528.137715
408.576123,100,538.363878
341.553752,100,538.613523
284.987253,100,538.817515
279.348937,100,538.98057
271.55097,100,539.159509
443.413553,100,539.33289
300.580447,100,539.499064
445.40103,100,539.667883
419.188768,100,539.834279
192.457475,100,539.990844
427.685064,100,550.675333
330.721302,100,550.839786
241.055265,100,550.999103
444.343038,100,551.162915
442.516673,100,551.334139
315.832358,100,551.511332
297.443242,100,551.680308
318.876966,100,551.841315
409.299514,100,552.014585
294.670273,100,552.26256
255.656924,100,563.243876
278.047707,100,563.435092
227.375815,100,563.619138
149.479654,100,563.778116
294.254427,100,563.945336
347.612983,100,564.097451
429.475936,100,564.24764
273.153028,100,564.414662
323.677884,100,564.594758
464.353504,100,564.756491
291.099567,100,576.639614
418.600107,100,576.80587
327.67021,100,576.965592
352.366954,100,577.109309
456.614604,100,577.267036
466.385364,100,577.432848
335.289107,100,577.586451
244.056665,100,577.735502
334.689467,100,577.898571
261.545854,100,578.060753
245.517974,100,590.009928
283.040315,100,590.200849
300.486447,100,590.366154
288.241658,100,590.52452
278.477317,100,590.679242
297.266187,100,590.83866
455.603711,100,590.99805
300.246802,100,591.16275
442.107855,100,591.327713
473.946643,100,591.49545
430.732977,100,605.414971
438.092502,100,605.753969
336.886617,100,606.09767
437.66924,100,606.450536
399.549305,100,606.709525
287.960812,100,607.037555
455.249011,100,607.378078
272.951524,100,607.707121
461.876756,100,608.035182
269.200622,100,608.355114
445.86498,100,621.979415
301.383677,100,622.250129
413.276254,100,622.414563
452.257558,100,622.595668
432.057412,100,622.75919
262.549754,100,622.916179
310.296983,100,623.077529
252.630742,100,623.248729
198.846936,100,623.413104
443.729776,100,623.581229
338.22482,100,635.705997
306.0705,100,635.899393
309.949987,100,636.087327
295.402398,100,636.282179
300.802651,100,636.473099
351.067379,100,636.659489
243.271561,100,636.938479
222.247713,100,637.136505
295.25301,100,637.339074
349.285577,100,637.537249
277.699432,100,649.007014
277.462202,100,649.270765
449.136559,100,649.542394
295.594711,100,649.79654
295.033594,100,650.049347
305.131737,100,650.316687
317.254008,100,650.573407
340.514139,100,650.831681
424.380541,100,651.106905
343.380452,100,651.397861
258.331345,100,664.104103
413.099101,100,664.264491
324.922166,100,664.441035
418.49108,100,664.612289
189.852673,100,664.775628
277.714406,100,664.92573
140.953519,100,665.084494
473.540221,100,665.23782
420.953605,100,665.399534
389.599303,100,665.573613
258.732671,100,676.591501
363.840668,100,676.749994
323.167962,100,676.908462
316.77212,100,677.05173
249.030437,100,677.196188
454.038511,100,677.346915
306.42934,100,677.507883
473.158875,100,677.770432
296.640864,100,677.920326
251.571367,100,678.091366
271.194234,100,688.114387
405.554031,100,688.323391
441.268844,100,688.547594
249.388269,100,688.7167
241.352981,100,688.877066
273.028333,100,689.020761
331.083628,100,689.173364
438.248369,100,689.334107
341.249139,100,689.514078
474.031331,100,689.677228
440.337287,100,701.225034
256.694446,100,701.411398
432.921203,100,701.603775
319.017882,100,701.782301
352.548517,100,701.962969
353.291741,100,702.144835
345.571569,100,702.311791
316.405983,100,702.485706
437.13334,100,702.65417
361.363655,100,702.913062
397.954251,100,716.304325
240.275694,100,716.452184
417.25192,100,716.614061
444.064387,100,716.844373
210.77821,100,717.087665
397.430418,100,717.278396
447.367177,100,717.452494
335.148597,100,717.62414
328.707372,100,717.798644
343.896654,100,717.962158
407.839125,100,730.330546
348.082972,100,730.48976
381.776053,100,730.636957
438.487948,100,730.813592
424.376472,100,731.039715
410.317464,100,731.191863
238.390454,100,731.345382
396.393361,100,731.504008
446.229778,100,731.664781
433.183586,100,731.8164
282.748028,100,744.396707
324.482581,100,744.561792
311.330437,100,744.719358
224.786465,100,744.886678
388.728424,100,745.066475
375.801329,100,745.258399
427.17185,100,745.417993
395.451934,100,745.559707
291.845407,100,745.71574
407.488797,100,745.956072
310.99798,100,756.61179
468.056918,100,756.765147
299.704564,100,756.909849
414.377916,100,757.052498
345.333444,100,757.203061
426.579987,100,757.484467
439.065816,100,757.637998
424.857794,100,757.807112
327.071811,100,757.952394
376.184717,100,758.112141
302.615347,100,768.553817
420.040926,100,768.73359
449.154953,100,768.905538
356.626865,100,769.185994
434.870523,100,769.396487
332.931944,100,769.567436
381.057066,100,769.740365
280.088566,100,769.907109
427.738859,100,770.058566
307.119019,100,770.209137
364.578979,100,788.885972
258.433696,100,789.188289
463.263248,100,789.508648
285.847709,100,789.826873
249.241751,100,790.138823
346.693547,100,790.477586
240.452387,100,790.795821
433.0012,100,791.113815
321.003761,100,791.44252
434.352727,100,791.782713
253.551214,100,803.528653
276.524177,100,803.680148
490.252965,100,803.830547
477.021763,100,803.970905
400.729779,100,804.11722
243.620871,100,804.261634
445.010075,100,804.406975
435.192185,100,804.550214
416.464284,100,804.739305
412.165357,100,804.940409
407.350196,100,816.477404
313.980919,100,816.655393
435.272699,100,816.829611
455.813278,100,817.137176
288.872101,100,817.362051
445.066136,100,817.554581
381.858681,100,817.726058
425.049588,100,817.898613
160.885741,100,818.086695
362.747342,100,818.260062
452.589615,100,831.906646
279.460281,100,832.102833
434.098046,100,832.412595
314.346756,100,832.649634
405.162847,100,832.867426
463.684546,100,833.059604
299.946349,100,833.252767
435.188135,100,833.456144
412.379871,100,833.66512
338.486876,100,833.86646
301.803869,100,846.946336
273.959135,100,847.200914
266.150101,100,847.406925
399.184249,100,847.61808
327.868277,100,847.82854
429.611332,100,848.021189
334.382381,100,848.218044
243.666882,100,848.429066
253.051619,100,848.632305
447.235113,100,848.88681
430.418794,100,861.602636
363.776343,100,861.773674
270.70095,100,861.950269
403.696216,100,862.129341
262.683556,100,862.304562
437.456096,100,862.481306
330.188375,100,862.647037
313.817801,100,862.818717
264.562048,100,863.060569
266.079466,100,863.328954
